beds,baths,DEN,parking,D_mkt,building_age,maint,price,new_size,new_exposure,new_ward
3,3,0,0,16,9,1087,1821000,3,1,0
1,1,1,1,23,3,469,613000,1,2,0
2,2,1,1,12,1,767,838000,1,2,0
2,2,0,1,10,25,827,935000,1,0,0
0,1,0,1,1,12,526,645000,1,0,1
1,1,1,0,4,8,610,777000,1,0,2
1,2,1,0,5,4,639,778000,1,2,0
2,2,0,1,13,11,1353,2424000,4,1,1
1,1,1,1,19,0,588,664000,1,3,0
3,2,0,1,37,19,492,664000,1,2,2
1,1,0,1,13,25,776,572000,1,3,1
1,1,1,0,3,1,752,806000,1,1,1
2,1,1,0,1,7,866,909000,1,3,1
2,1,0,1,54,1,702,954000,2,0,1
2,2,0,0,4,16,1133,1132000,1,3,1
2,2,1,1,2,0,1156,1499000,3,1,1
1,1,1,1,6,4,284,394000,0,3,0
1,1,1,0,16,14,591,544000,0,1,1
3,3,0,1,5,5,477,688000,1,0,1
1,1,0,0,24,6,444,583000,1,3,2
1,1,0,0,6,16,818,618000,1,0,2
1,1,1,1,2,13,291,447000,0,1,0
1,1,0,0,5,7,821,962000,1,2,1
1,1,1,0,27,10,511,583000,0,0,1
1,1,0,0,0,2,341,480000,0,1,0
2,2,0,1,5,9,615,929000,1,3,0
1,1,1,1,28,15,551,584000,1,3,1
1,1,1,1,33,4,402,515000,0,1,1
3,2,0,0,30,1,937,1288000,2,3,2
2,2,1,0,3,5,811,1063000,2,1,0
1,1,0,1,2,13,391,608000,0,1,1
2,2,0,1,13,14,748,955000,2,0,1
2,2,1,0,6,1,597,668000,1,0,0
3,3,0,0,45,12,864,1062000,1,0,1
1,1,0,0,26,12,462,732000,1,0,2
2,2,1,0,5,9,484,740000,1,2,2
3,2,0,1,43,7,2324,2091000,4,0,2
1,1,0,1,10,4,425,744000,1,3,1
2,2,0,1,17,2,363,474000,0,1,0
0,1,0,1,26,5,435,491000,0,2,0
1,1,0,0,6,4,462,643000,1,1,1
2,2,0,1,5,0,643,797000,1,0,1
1,1,0,0,5,12,480,706000,1,3,1
1,1,0,1,15,7,514,677000,0,1,0
1,1,0,1,8,34,322,433000,0,3,1
3,3,0,0,1,4,1376,1594000,3,3,1
1,1,0,1,0,14,711,954000,1,0,1
1,1,1,1,29,10,590,621000,0,1,0
1,1,1,0,1,12,600,506000,1,0,2
1,1,1,1,5,1,513,659000,1,2,0
1,1,1,1,19,4,424,579000,0,0,1
2,2,0,0,4,7,1328,2104000,2,3,0
1,1,1,1,16,16,498,417000,0,1,0
1,1,1,1,35,50,580,606000,1,0,1
1,1,0,0,5,4,479,423000,0,0,0
1,1,1,0,20,7,592,717000,1,1,1
2,2,0,0,7,6,2399,3233000,7,0,1
1,1,0,1,5,1,463,476000,1,0,1
2,1,1,0,34,1,980,822000,1,1,1
1,1,1,0,21,5,442,634000,0,0,1
1,1,0,1,1,12,646,657000,1,1,1
1,1,1,0,26,1,951,824000,1,1,1
2,1,0,1,3,5,899,1170000,1,1,1
2,2,1,1,6,4,875,1151000,1,0,1
2,3,1,1,5,7,1530,1631000,2,0,2
0,1,0,1,1,6,672,651000,1,0,2
1,1,1,0,16,23,784,609000,0,0,1
1,2,0,1,7,16,431,643000,1,0,2
1,1,0,1,14,56,460,521000,0,3,0
2,2,0,1,15,20,1587,2345000,4,1,2
3,3,0,1,1,2,607,760000,1,2,1
1,1,0,1,11,4,482,668000,1,1,1
3,2,0,1,33,1,1053,1744000,2,2,2
1,1,1,1,6,6,559,645000,1,0,1
1,1,1,0,12,13,487,675000,0,3,0
0,1,0,1,9,13,446,552000,1,3,2
2,2,0,1,22,5,1504,1538000,2,1,1
3,2,0,1,34,4,1640,1708000,2,1,1
0,1,0,0,29,0,461,413000,0,1,1
1,1,0,1,12,6,997,907000,1,1,0
0,1,0,0,7,5,190,314000,0,1,0
1,1,1,1,26,11,474,593000,0,0,2
1,1,1,1,5,5,453,612000,1,3,1
1,1,0,1,6,5,332,540000,1,0,0
1,1,1,1,30,19,541,783000,1,1,1
1,1,0,0,21,8,484,810000,1,1,2
3,2,0,1,2,6,1626,2207000,3,2,1
1,1,1,1,13,29,560,564000,1,0,0
2,2,1,1,4,8,721,1031000,1,2,2
1,1,0,0,17,11,277,352000,0,1,0
1,1,0,1,2,23,389,580000,0,1,0
3,2,0,0,6,2,1419,1856000,3,0,0
2,2,1,1,7,0,770,1026000,2,3,1
3,2,0,1,21,5,1414,1169000,1,2,2
0,1,0,1,4,1,311,406000,1,0,0
3,2,0,0,31,7,741,960000,1,0,0
1,1,0,0,3,3,539,598000,0,1,1
3,2,0,1,29,31,880,1201000,2,0,0
0,1,0,0,28,25,568,446000,0,0,1
0,1,0,1,4,14,444,482000,0,1,1
2,3,0,1,1,6,883,1065000,2,3,0
1,1,0,0,15,20,305,408000,0,0,0
1,1,1,1,26,14,425,573000,0,2,0
1,1,0,1,19,2,702,787000,1,1,1
1,1,0,0,10,12,412,453000,0,0,0
1,1,0,0,5,22,210,345000,0,1,0
0,1,0,1,11,2,519,510000,1,3,1
1,1,1,1,40,10,385,505000,0,0,0
2,2,0,0,6,1,1773,2646000,4,0,2
2,2,0,1,26,21,459,539000,0,1,1
2,2,0,0,2,12,548,522000,1,2,0
2,2,0,1,4,3,1161,1308000,2,2,0
3,2,0,1,46,1,1472,2483000,3,0,1
2,1,0,0,13,16,826,976000,2,2,0
2,2,0,1,14,6,473,776000,1,1,1
2,2,0,0,13,17,809,1083000,2,3,1
1,1,0,1,4,6,737,830000,1,1,1
1,1,0,0,7,39,969,1076000,1,1,0
1,1,1,0,5,5,299,398000,0,0,0
1,1,1,1,32,9,464,731000,1,1,2
1,1,1,0,19,5,761,608000,1,0,0
1,1,1,1,26,4,1095,835000,0,1,0
2,2,0,0,9,1,1241,1799000,3,2,2
1,1,0,0,14,21,364,561000,1,0,1
3,3,0,0,2,1,596,671000,1,3,2
2,2,1,1,27,24,1481,2239000,4,0,2
1,1,1,0,5,37,366,476000,0,1,0
0,1,0,0,16,14,364,494000,0,2,1
2,3,0,1,10,14,1136,759000,1,1,1
2,3,0,1,0,6,1124,918000,1,1,0
1,1,0,0,33,15,559,574000,0,0,0
1,1,0,1,3,13,401,534000,0,1,0
2,2,0,1,17,4,493,758000,1,1,2
1,1,0,0,13,4,445,572000,0,1,1
1,1,1,0,4,10,410,534000,0,1,0
2,2,1,0,24,0,791,1354000,4,0,0
1,1,1,1,9,10,536,611000,1,1,0
2,3,0,1,5,17,483,781000,1,1,0
1,2,0,0,15,1,807,727000,1,0,0
2,2,0,0,0,9,542,858000,1,0,1
1,1,1,0,3,19,904,589000,1,2,1
1,1,1,1,28,15,453,697000,1,1,1
2,2,1,1,24,4,1772,1455000,2,3,0
1,1,1,1,2,0,309,401000,0,0,0
1,1,1,1,10,4,315,494000,0,1,1
1,1,0,1,35,4,786,736000,1,1,1
2,2,1,0,16,16,1737,2031000,3,1,0
2,2,0,0,28,16,546,564000,1,1,0
1,1,0,0,6,31,432,504000,0,0,1
1,1,0,1,22,2,343,544000,1,0,0
2,2,0,1,10,3,1623,2525000,4,1,2
3,2,0,1,6,6,1056,1297000,1,3,2
1,1,1,1,7,0,640,521000,0,0,1
1,1,1,0,13,5,561,908000,1,0,2
2,2,0,0,15,10,1351,1120000,2,1,1
2,2,1,1,0,5,737,977000,1,1,0
1,1,0,0,1,1,244,454000,0,0,2
1,1,1,0,30,52,545,640000,1,0,1
2,2,0,0,2,8,986,966000,1,3,1
1,1,0,1,2,6,583,650000,1,2,2
1,1,0,0,29,7,359,324000,0,1,0
1,1,0,1,2,18,352,411000,1,0,0
2,2,0,1,74,0,3417,2966000,5,2,2
2,3,0,1,1,2,770,1048000,1,1,1
2,1,1,1,13,13,1152,947000,1,0,0
1,1,1,1,0,11,489,653000,1,3,2
1,1,0,0,3,31,771,1095000,2,2,2
1,1,0,0,2,24,421,597000,0,1,0
2,2,0,1,26,4,519,904000,1,1,1
1,2,0,0,23,3,585,727000,1,1,2
2,2,0,0,11,3,702,881000,2,0,2
2,2,1,0,2,9,519,652000,1,1,1
1,1,1,0,16,12,505,544000,0,3,1
0,1,0,1,1,7,261,355000,0,0,0
2,3,0,0,1,8,521,623000,1,2,1
1,1,1,0,26,1,660,464000,0,3,1
1,1,0,1,36,37,269,466000,0,0,1
1,2,1,1,36,3,527,657000,1,3,0
1,1,0,1,6,6,512,473000,0,2,1
1,1,0,1,12,8,930,1127000,2,1,1
2,2,1,0,18,1,1103,1203000,2,1,0
1,1,1,0,14,1,523,756000,1,0,2
3,2,0,1,6,9,568,672000,1,2,0
1,1,1,1,6,5,469,530000,1,0,1
1,1,1,1,3,9,669,792000,0,0,0
1,1,0,0,2,3,343,591000,1,1,0
1,1,0,1,7,17,755,936000,1,1,1
1,1,0,0,12,22,340,5e+05,1,0,1
1,1,0,1,11,8,449,547000,1,0,1
2,2,0,0,23,6,708,791000,1,3,0
0,1,0,1,1,3,310,447000,0,1,1
2,2,0,1,0,19,388,569000,1,1,0
3,3,0,1,25,2,1914,2523000,4,1,1
1,1,1,1,9,46,438,506000,1,1,0
1,1,0,1,2,2,338,457000,0,0,0
2,2,0,1,38,2,682,673000,1,0,1
1,1,0,1,10,15,402,716000,1,2,2
1,1,1,1,7,7,822,980000,1,3,1
3,2,0,1,55,5,1366,1781000,3,1,1
2,2,0,0,3,1,370,550000,0,0,1
1,2,1,0,22,16,782,928000,2,2,0
2,2,0,1,1,7,1132,1432000,2,0,2
1,1,1,1,1,20,507,775000,1,0,2
3,2,0,0,6,47,656,1079000,3,1,0
0,1,0,1,15,4,438,510000,1,0,1
3,2,0,0,31,3,836,1149000,2,0,0
1,1,1,0,33,2,522,6e+05,1,1,2
1,1,1,1,4,8,519,681000,0,1,2
1,1,1,0,13,4,652,764000,1,0,1
1,1,1,1,24,13,933,958000,1,1,1
2,2,0,0,1,1,592,656000,1,0,2
2,1,1,1,19,2,909,1105000,1,2,0
1,1,1,1,19,12,419,575000,1,1,2
2,2,1,1,8,29,908,1604000,2,1,1
1,1,0,1,33,3,439,530000,0,3,1
1,1,0,1,35,9,360,520000,1,1,2
2,2,0,1,15,11,414,557000,1,0,1
1,1,0,0,26,2,363,478000,1,1,1
1,1,0,0,11,7,306,390000,0,3,0
2,3,0,0,12,3,829,1074000,1,1,1
1,1,1,1,7,25,701,761000,1,1,1
1,1,1,1,0,16,796,832000,1,0,2
1,1,0,0,5,3,1102,991000,1,3,1
2,2,0,0,38,1,1234,1629000,3,1,1
2,1,0,0,87,9,576,667000,0,2,2
1,1,0,1,2,33,511,652000,1,0,1
1,1,0,0,7,0,859,764000,1,3,1
1,1,0,1,4,15,423,417000,0,0,0
1,1,1,1,2,3,516,660000,1,1,0
1,1,1,1,10,2,365,622000,1,2,1
1,1,0,1,0,3,370,438000,0,0,1
1,1,0,1,3,5,507,621000,1,3,1
1,1,0,1,7,3,871,1063000,2,0,1
2,2,0,1,8,10,2235,2526000,5,3,2
2,3,0,1,20,8,458,563000,0,0,2
3,2,0,0,3,6,666,927000,2,0,0
3,2,0,0,5,9,407,585000,1,0,0
1,1,0,1,5,16,1381,774000,1,1,0
1,1,0,1,2,12,453,627000,1,0,1
2,2,1,1,3,2,1232,1239000,2,2,1
3,3,0,1,6,10,545,694000,1,0,2
2,2,0,0,34,5,940,874000,1,1,0
1,1,0,1,5,9,666,861000,2,3,1
1,1,0,1,37,1,332,480000,0,0,1
2,3,1,1,21,9,477,767000,1,0,0
2,1,0,1,25,3,1648,2050000,2,1,0
1,1,0,1,28,9,603,702000,1,1,2
1,1,1,1,13,6,482,736000,1,1,1
2,2,0,1,11,2,531,678000,1,1,1
1,1,1,0,6,1,386,509000,0,1,1
2,2,1,1,1,7,529,686000,1,2,1
2,2,1,0,0,10,1198,1318000,3,0,1
1,1,0,1,47,4,460,543000,0,1,1
1,1,0,1,20,22,271,412000,0,0,0
1,1,1,1,1,8,509,846000,1,0,0
1,1,1,0,20,1,1028,901000,1,0,2
1,1,0,0,4,23,618,739000,2,2,1
2,2,0,0,6,3,1805,3077000,7,1,2
1,1,0,0,4,1,417,474000,0,2,1
3,2,0,0,7,3,1334,1067000,1,2,0
1,1,1,0,7,14,374,613000,1,3,1
0,1,0,0,15,13,554,522000,0,1,2
1,1,0,1,7,4,353,529000,1,1,1
1,1,1,1,18,0,435,664000,1,2,1
1,1,1,1,5,3,636,982000,2,1,1
3,3,0,1,31,1,674,820000,1,0,1
1,1,1,0,25,11,459,603000,0,1,1
1,1,0,1,62,24,424,467000,0,1,0
1,1,1,1,3,6,528,695000,1,0,2
1,1,0,1,14,6,643,731000,1,3,1
1,1,1,0,9,4,470,722000,1,2,1
1,1,0,0,5,7,393,454000,0,0,1
3,2,0,1,9,2,1783,2318000,3,0,2
1,1,1,1,3,5,376,546000,1,1,0
1,1,0,0,7,1,672,409000,0,0,0
1,1,0,1,14,18,1120,980000,2,1,1
1,1,1,0,8,12,882,670000,1,3,0
2,1,1,1,2,3,1519,2165000,4,0,1
1,1,1,0,4,9,527,481000,0,1,0
1,1,1,0,44,3,606,650000,1,3,1
2,2,1,1,2,2,450,761000,1,2,1
2,2,0,1,1,1,1235,1775000,2,0,0
1,1,0,0,2,0,234,318000,0,2,0
2,2,0,0,2,5,1437,1120000,1,0,1
2,2,0,1,40,6,1240,1385000,2,2,1
2,3,0,0,4,12,898,848000,1,2,0
1,1,1,1,0,2,862,906000,3,0,1
1,1,0,0,18,9,263,385000,0,0,0
1,1,0,1,2,4,324,368000,0,1,0
1,1,1,0,24,18,502,671000,1,1,0
1,1,0,1,40,14,503,588000,1,2,1
1,1,1,0,14,8,515,641000,1,2,1
1,1,1,1,12,11,717,648000,1,1,2
1,1,0,0,6,4,385,431000,0,1,0
1,1,0,0,13,3,525,509000,0,1,1
1,1,1,0,11,9,356,561000,1,0,2
2,2,1,1,3,0,406,661000,1,2,0
2,2,0,0,13,11,578,632000,1,3,0
1,1,1,1,15,0,420,741000,1,0,2
1,1,0,1,12,2,401,583000,1,2,1
2,1,0,0,2,24,773,1027000,1,1,2
2,2,0,1,34,19,938,867000,1,1,2
0,1,0,1,25,4,399,555000,1,2,2
2,1,0,1,11,15,459,680000,1,0,0
3,3,1,1,3,7,1043,1238000,1,3,1
1,2,1,1,1,4,447,694000,2,1,1
2,2,0,1,10,16,483,609000,1,0,2
2,2,1,0,14,4,1658,1348000,2,1,1
2,2,0,0,14,16,589,834000,1,0,1
0,1,0,1,18,6,545,475000,0,2,1
2,2,0,1,17,5,1055,1639000,3,0,0
1,1,0,0,4,0,411,715000,1,1,1
2,2,0,0,6,2,904,798000,1,2,1
2,3,1,0,14,0,1366,1043000,2,1,2
2,2,0,1,35,10,497,664000,1,0,1
2,2,1,0,5,1,992,1453000,3,3,0
0,1,0,0,11,12,453,550000,1,2,1
1,1,0,0,9,4,272,443000,0,1,0
2,3,0,1,20,2,1069,1481000,2,3,0
3,2,0,0,9,21,1488,1277000,1,0,1
3,2,0,1,28,18,2747,3017000,3,2,1
2,2,1,1,5,2,1485,1698000,3,0,0
2,3,0,1,21,17,957,1174000,1,0,2
1,1,1,0,19,0,665,829000,1,3,0
1,1,0,0,7,20,379,509000,0,0,2
2,2,1,1,37,13,936,1520000,2,1,0
1,2,1,0,17,8,245,381000,0,2,0
1,1,0,0,44,22,645,597000,1,2,0
2,2,1,0,17,1,2061,2305000,3,0,0
0,1,0,0,16,3,252,349000,0,3,0
1,1,0,0,5,7,409,454000,1,0,1
1,1,1,0,5,11,605,743000,1,2,1
1,1,1,1,21,29,592,576000,1,1,1
1,1,0,0,15,5,338,525000,0,1,1
2,2,1,1,14,28,755,983000,1,3,1
1,1,0,1,24,25,337,463000,1,1,1
1,1,0,0,5,42,354,341000,0,0,0
2,2,1,1,7,1,1201,1861000,3,0,1
1,1,0,0,3,1,542,590000,1,1,2
1,2,0,1,7,4,391,530000,0,2,1
3,3,1,1,18,8,1827,2078000,4,0,1
2,2,1,1,5,9,1165,1343000,2,1,2
1,1,1,0,9,3,309,429000,0,0,0
2,2,0,1,22,12,435,607000,1,3,0
2,2,1,1,22,3,746,1096000,2,0,0
3,3,0,1,12,3,1266,1467000,2,3,2
1,1,0,1,0,10,630,503000,0,2,0
1,1,0,1,15,12,703,980000,2,3,1
1,1,0,0,25,7,487,563000,0,1,1
2,2,0,0,20,9,1201,1426000,2,0,2
1,1,0,0,12,11,545,517000,1,2,1
3,2,0,1,6,1,1147,1538000,3,3,2
1,1,1,0,3,2,841,636000,0,0,1
1,1,0,1,28,2,937,870000,1,1,1
2,3,1,0,8,2,1008,1495000,3,3,1
2,3,0,1,14,24,1221,1494000,2,2,2
3,3,0,1,17,3,1749,2035000,3,1,1
1,1,1,0,1,2,710,830000,1,1,1
2,2,0,1,5,5,320,434000,1,1,0
1,1,1,1,9,11,845,833000,1,0,1
2,2,1,0,3,10,1265,1434000,2,0,0
1,1,1,0,8,3,651,692000,1,1,0
2,1,1,1,2,4,2079,2168000,4,1,2
1,1,0,0,6,3,424,434000,0,1,0
3,2,0,0,32,22,3070,3225000,5,2,1
1,1,0,0,1,0,418,612000,1,2,0
1,1,1,1,6,4,824,712000,1,1,1
1,1,0,0,4,32,472,4e+05,1,1,0
2,2,0,0,40,22,313,534000,0,2,1
2,1,1,0,1,8,1742,2445000,5,1,1
2,2,1,1,1,0,1069,1473000,1,3,1
0,1,0,1,12,1,538,508000,0,1,2
0,1,0,1,44,16,562,525000,1,2,2
0,1,0,0,6,3,257,381000,0,0,0
2,2,1,1,36,2,628,820000,1,1,1
2,2,0,1,3,18,882,1089000,2,1,1
2,1,1,1,1,1,796,1024000,2,0,1
1,1,1,1,3,2,560,654000,1,2,0
1,1,0,1,14,9,541,553000,1,1,1
2,3,0,0,23,2,717,1032000,1,3,0
2,2,0,1,12,0,864,789000,0,0,0
1,1,1,0,1,13,483,764000,1,1,0
3,2,0,0,53,1,1225,1701000,3,1,0
3,3,0,0,22,9,1420,1342000,2,0,1
1,2,0,0,4,2,400,564000,1,0,1
1,1,0,1,3,5,441,653000,1,3,0
2,1,1,1,16,3,698,9e+05,1,0,1
2,2,1,1,35,29,724,1025000,1,3,0
1,1,0,0,2,9,308,450000,0,0,1
1,1,1,0,9,2,946,1108000,1,3,1
2,1,1,1,8,29,805,1126000,2,2,2
1,1,0,0,29,9,411,527000,0,1,1
1,1,1,0,28,39,366,585000,1,3,1
2,2,1,1,0,6,355,604000,1,3,1
2,3,0,0,9,16,360,519000,0,1,0
1,1,0,0,5,0,304,421000,0,0,1
1,1,1,1,78,6,733,830000,1,2,0
1,1,0,1,0,14,462,614000,0,3,1
2,1,1,0,14,2,586,813000,1,1,2
1,2,1,0,8,18,480,563000,1,3,0
3,2,0,0,26,14,1545,2285000,3,1,1
2,2,0,1,7,18,564,619000,1,0,0
2,2,1,0,10,34,672,873000,2,1,1
1,1,1,0,9,13,469,443000,1,0,0
1,1,1,0,4,6,769,825000,2,3,2
1,1,0,1,6,22,324,476000,0,1,1
2,1,0,1,2,4,618,1074000,1,0,0
1,1,1,1,5,14,828,714000,1,3,1
2,1,0,0,15,1,1090,1187000,1,0,1
2,2,1,1,18,9,534,816000,1,1,1
3,3,0,1,10,3,839,984000,1,0,1
2,2,0,0,27,1,662,1302000,2,0,1
1,1,0,1,0,3,623,667000,1,1,0
1,1,0,0,16,5,463,444000,0,2,1
1,2,0,1,2,13,339,432000,0,1,0
0,1,0,0,2,8,246,385000,0,1,0
2,2,0,1,42,0,2576,2359000,5,0,2
1,1,0,0,8,14,496,550000,0,1,1
2,3,1,1,5,3,2377,2725000,5,3,0
1,1,0,1,11,22,469,518000,1,1,2
2,2,0,1,10,1,1258,1333000,2,1,0
1,1,1,1,2,17,360,422000,1,2,0
2,2,0,1,4,8,744,930000,1,0,1
1,1,0,0,12,1,339,480000,1,1,1
1,1,0,1,1,19,284,471000,0,0,1
1,1,1,1,4,25,1421,1086000,2,1,1
1,1,0,0,22,10,400,664000,1,0,1
2,1,1,1,15,16,1018,1392000,1,1,1
1,1,0,0,12,11,638,636000,1,0,2
0,1,0,0,6,18,213,329000,0,0,0
1,1,1,1,7,9,679,867000,1,1,1
1,1,1,1,10,8,821,731000,1,0,2
2,2,0,0,23,0,827,986000,1,0,0
2,2,0,0,23,30,1306,1478000,3,1,1
1,1,0,1,1,5,556,961000,1,1,1
1,2,0,0,11,7,473,444000,1,0,1
2,3,0,1,11,10,1397,1123000,1,3,1
3,2,0,1,7,15,1194,1597000,3,0,0
1,1,1,1,16,29,538,593000,1,0,2
3,2,0,0,10,6,1225,1979000,3,0,1
2,2,1,1,46,1,653,988000,1,1,1
2,2,0,1,15,26,486,546000,1,1,1
0,1,0,1,11,1,462,399000,1,0,0
2,2,1,0,10,0,541,973000,1,3,2
1,1,1,0,46,4,495,625000,1,0,2
2,2,0,1,17,4,604,806000,2,1,0
0,1,0,0,4,18,309,363000,0,2,0
1,2,0,0,74,4,496,508000,0,2,0
1,1,0,1,5,12,188,344000,0,0,0
2,2,0,1,6,3,885,1274000,2,0,2
2,2,0,1,2,0,519,692000,1,1,1
1,1,0,1,0,1,1096,1367000,2,2,0
0,1,0,1,4,0,445,577000,0,1,1
1,1,0,1,15,1,269,355000,0,0,0
1,1,0,0,19,13,273,453000,0,1,1
1,1,1,1,49,18,866,1091000,2,1,1
1,2,0,1,5,9,628,748000,1,1,0
1,1,1,0,2,11,408,530000,1,0,1
1,1,0,1,3,8,686,826000,2,2,2
1,2,0,1,13,0,776,588000,0,1,1
2,2,0,0,15,1,903,1203000,1,1,2
2,2,0,0,4,33,1206,1160000,2,0,1
0,1,0,0,39,3,504,566000,1,1,1
3,3,0,1,8,8,906,914000,1,3,1
3,3,1,1,9,5,2402,3102000,4,3,1
3,2,0,1,30,20,752,1076000,1,3,0
1,1,0,1,27,1,413,393000,0,0,0
2,2,1,1,11,5,705,947000,1,1,2
1,1,1,1,15,3,466,589000,1,0,1
1,1,0,0,3,3,365,444000,0,1,0
1,1,1,1,1,3,567,553000,1,0,1
2,2,0,1,4,7,523,666000,1,0,1
1,1,0,0,8,13,382,564000,0,1,2
1,1,1,1,9,7,580,932000,1,1,0
1,2,1,0,35,5,399,476000,0,0,1
2,2,0,1,2,8,503,805000,1,0,0
2,2,0,1,8,10,646,9e+05,2,2,0
1,1,1,0,19,4,526,630000,1,1,1
1,1,1,0,6,19,948,1189000,2,3,1
1,2,1,0,7,5,394,468000,1,1,0
3,2,0,0,1,0,670,845000,1,0,0
2,2,0,0,13,1,670,821000,1,0,1
2,3,0,1,5,4,628,858000,1,0,0
1,1,1,1,26,11,249,437000,0,1,0
1,1,0,0,5,11,452,489000,0,1,2
3,2,0,0,7,9,1029,1172000,2,2,1
2,2,0,1,4,8,304,551000,1,0,1
2,2,0,0,36,2,317,513000,1,1,0
1,1,1,1,31,20,465,639000,1,0,0
2,2,1,1,1,5,885,867000,1,2,1
2,1,0,1,14,0,396,639000,1,1,1
2,2,1,0,13,8,1943,2555000,4,1,2
1,1,1,1,8,7,570,793000,1,0,1
1,1,1,1,10,6,746,674000,0,1,0
2,2,0,0,9,23,997,897000,1,0,0
2,2,1,1,9,25,749,1554000,3,1,0
1,1,0,1,7,13,820,1028000,2,2,2
2,2,0,0,14,9,356,504000,0,0,0
1,1,0,1,8,4,336,460000,0,3,1
1,1,1,1,3,2,651,590000,2,0,0
2,2,0,1,29,13,1004,1690000,2,0,1
1,1,0,1,3,3,520,733000,1,0,1
2,3,1,1,1,29,2006,1704000,4,3,1
1,1,0,0,7,7,518,527000,1,0,1
2,3,0,0,24,33,914,813000,1,0,2
1,1,0,1,0,0,709,946000,1,0,0
1,1,0,1,12,13,643,813000,1,0,1
1,1,1,1,6,0,596,724000,1,1,1
1,1,0,1,5,7,651,802000,1,2,0
2,2,1,0,13,1,1226,1524000,2,0,1
2,3,1,1,6,2,2374,1469000,3,0,0
1,1,0,1,0,9,584,660000,1,2,2
3,2,0,1,16,48,1580,2272000,5,0,1
3,3,1,0,12,2,3448,2632000,7,2,1
1,1,1,0,11,6,851,1033000,1,0,1
1,1,0,1,7,2,356,388000,0,1,0
3,2,0,1,1,0,542,673000,1,1,1
2,2,1,0,12,6,507,819000,1,3,2
2,2,0,0,2,19,807,1067000,3,0,2
2,2,1,0,0,8,402,621000,0,0,0
1,1,1,1,8,2,640,805000,1,1,1
0,1,0,0,18,5,410,496000,1,0,1
2,2,0,0,67,17,1047,1244000,1,0,2
0,1,0,0,0,2,263,399000,0,1,0
2,2,0,1,49,48,1879,1337000,2,3,1
2,2,0,0,3,1,1341,1434000,2,1,0
2,2,0,1,0,34,1614,2066000,3,3,2
1,1,0,0,9,7,332,466000,0,1,0
1,1,1,1,22,1,522,769000,1,3,0
2,2,0,1,22,0,591,883000,1,2,2
1,2,1,0,4,18,801,941000,1,3,0
2,2,0,1,22,13,769,659000,1,1,1
2,3,0,0,34,17,390,449000,0,0,0
1,1,0,0,37,5,567,714000,1,1,2
1,1,0,1,7,11,397,483000,1,2,1
3,2,0,0,23,26,1791,2170000,4,0,0
1,1,1,1,12,1,747,585000,1,0,1
1,1,1,0,5,11,280,466000,1,0,0
1,1,0,0,43,0,492,612000,0,3,1
1,1,1,0,20,13,426,550000,1,1,0
2,2,1,0,46,2,850,851000,1,0,1
1,1,1,0,23,20,407,438000,0,0,0
2,2,1,1,16,33,1058,934000,2,3,0
3,2,0,0,6,3,546,812000,1,0,0
0,1,0,0,3,0,458,523000,1,0,1
2,2,0,0,6,28,588,779000,1,2,0
2,2,0,0,2,6,1417,2032000,3,1,2
1,1,0,1,6,11,415,507000,1,0,0
1,1,1,1,15,11,509,873000,1,1,1
2,3,0,0,1,15,999,1347000,3,2,0
2,2,0,0,15,21,853,806000,1,2,1
1,1,1,1,13,1,597,947000,1,3,1
1,1,1,1,4,16,552,796000,1,2,2
1,1,0,1,17,4,529,652000,1,0,2
3,2,0,0,1,5,865,1154000,2,2,1
2,1,0,1,4,7,1530,2350000,4,0,2
0,1,0,1,12,7,348,396000,0,1,0
2,2,0,1,4,30,407,510000,0,0,1
2,2,0,0,1,7,549,685000,1,0,1
2,2,0,1,5,14,944,1195000,2,0,2
2,2,1,0,20,6,1260,1417000,2,0,0
2,2,0,1,35,29,1160,1389000,3,0,1
1,1,1,1,27,4,521,762000,1,0,1
2,2,0,0,13,2,733,979000,1,0,0
1,1,0,1,10,14,568,761000,1,0,2
1,1,0,1,0,10,622,667000,1,3,0
2,3,0,1,9,26,549,714000,1,2,0
1,1,0,1,13,2,321,433000,1,1,1
1,1,0,0,1,15,339,382000,0,0,0
0,1,0,0,30,25,390,597000,1,0,1
0,1,0,0,25,25,508,547000,1,1,0
2,2,1,1,23,13,1203,1262000,2,0,1
1,1,1,0,16,14,439,564000,1,0,2
1,1,1,0,16,3,653,897000,2,2,1
2,2,0,0,16,1,820,749000,1,3,1
2,3,1,1,4,23,736,862000,2,1,2
1,1,1,0,9,1,748,1186000,2,0,2
2,2,0,1,2,1,451,567000,1,1,2
1,1,1,0,11,16,408,596000,0,1,1
1,1,1,1,9,5,844,595000,0,0,0
2,2,0,1,6,19,992,1263000,1,1,1
1,1,0,0,20,2,314,452000,0,0,1
3,2,0,1,3,9,3425,3208000,4,3,1
1,1,0,1,5,6,376,502000,0,1,1
1,1,1,1,5,33,600,953000,1,0,0
1,1,0,0,8,8,579,986000,1,0,0
2,1,1,0,6,3,1140,1444000,2,1,2
1,1,0,0,2,9,385,458000,0,1,2
1,1,1,0,16,15,603,566000,0,0,1
2,3,0,1,7,5,791,703000,0,2,1
1,1,0,1,15,4,479,657000,1,3,2
1,1,1,1,6,0,536,8e+05,1,0,0
0,1,0,0,23,6,433,581000,1,1,2
2,1,0,1,6,2,498,580000,0,2,0
1,1,1,1,17,2,464,647000,1,3,1
1,1,0,1,3,4,827,970000,1,1,1
2,2,0,0,7,7,1215,1082000,1,3,2
3,2,0,0,19,1,934,1388000,2,0,2
1,1,1,1,15,17,567,513000,0,1,0
1,1,1,1,5,11,1006,995000,2,3,1
2,2,1,1,9,0,2045,2102000,3,2,0
1,1,1,1,14,9,562,724000,1,1,1
1,1,0,0,12,8,568,847000,1,3,1
3,2,0,0,14,1,1568,1767000,3,2,1
1,1,0,1,16,7,282,434000,0,1,1
1,1,0,1,38,3,538,667000,1,2,1
1,1,0,0,2,5,430,635000,0,3,1
1,1,0,0,2,4,536,511000,1,1,1
1,1,0,1,14,9,350,562000,1,2,1
1,1,1,0,2,1,815,966000,2,1,0
2,2,0,1,7,10,441,597000,1,0,0
3,3,0,1,4,4,1649,2309000,4,0,2
1,1,0,1,10,10,472,565000,1,1,2
0,1,0,1,11,1,347,467000,0,0,1
2,3,0,0,6,10,1022,1603000,3,0,2
2,3,0,0,19,27,410,515000,0,1,1
3,3,0,0,5,2,2773,2522000,6,0,1
1,1,0,1,5,4,546,592000,1,2,0
1,1,0,0,16,17,245,382000,0,1,0
1,1,1,1,0,4,681,1012000,1,1,1
1,1,0,1,0,16,322,484000,0,0,1
2,2,0,1,38,11,343,488000,0,2,0
2,3,0,1,14,7,345,425000,0,2,0
3,3,0,0,2,7,611,631000,1,1,0
2,2,1,0,17,19,911,798000,1,0,2
2,2,0,0,29,0,860,787000,1,1,2
2,2,0,1,8,11,1193,1143000,1,3,1
2,1,0,0,19,1,1651,2292000,5,3,2
2,2,0,1,16,5,693,675000,1,1,1
2,2,0,1,14,8,684,784000,1,1,1
1,1,1,1,7,11,548,660000,1,3,1
1,1,1,0,26,3,481,513000,0,0,1
1,1,0,1,3,9,371,549000,1,2,0
1,1,0,1,1,7,465,554000,1,0,1
1,1,0,1,37,4,378,462000,0,3,1
3,2,0,0,17,1,785,947000,1,0,2
1,1,1,0,4,7,487,582000,0,0,0
1,1,1,1,59,15,361,556000,1,0,1
2,2,0,1,7,27,546,481000,0,0,0
1,1,0,1,12,2,327,438000,1,2,1
2,2,0,1,4,14,406,429000,1,2,0
1,1,1,0,1,8,804,1260000,2,1,2
1,1,0,0,17,0,628,466000,0,0,1
3,3,0,1,5,0,1273,1209000,2,0,2
1,1,1,0,3,12,670,868000,1,1,0
1,1,1,1,13,16,705,7e+05,1,1,0
2,2,0,1,16,19,471,614000,1,1,2
2,2,0,1,10,2,698,974000,2,1,1
1,1,1,1,12,0,422,743000,1,3,1
2,2,0,0,13,1,1829,1896000,2,1,0
1,1,1,1,20,26,477,881000,1,1,0
2,2,0,1,2,18,557,586000,1,1,0
3,2,0,0,16,6,734,977000,2,0,0
1,1,0,1,16,2,828,572000,0,0,0
1,1,0,1,33,8,284,332000,0,2,0
1,1,1,0,26,25,826,707000,0,2,2
1,1,0,1,1,3,378,549000,1,0,1
2,2,0,0,74,3,521,638000,1,3,0
1,1,0,0,25,2,419,626000,1,3,1
2,2,0,1,1,37,1018,1223000,2,1,1
1,1,0,0,11,2,463,698000,1,1,1
0,1,0,0,0,8,466,470000,1,2,2
2,2,1,0,19,0,1772,2155000,4,0,0
3,2,0,1,83,2,554,9e+05,1,0,0
2,1,1,1,21,12,1257,1739000,3,3,1
1,1,0,1,3,11,603,728000,1,1,1
1,1,1,1,6,25,730,881000,1,0,2
3,2,0,1,5,0,1364,1749000,4,1,2
2,3,1,1,30,1,2190,2382000,4,2,1
2,2,1,1,27,19,830,729000,1,0,1
2,2,0,0,38,8,740,1194000,2,2,0
2,3,0,1,12,8,708,830000,1,0,1
0,1,0,1,11,2,585,545000,0,0,2
1,1,1,0,1,5,346,591000,0,1,1
1,1,1,0,20,7,530,651000,1,2,1
2,2,0,0,15,6,539,637000,1,3,0
1,1,0,1,13,15,360,545000,0,1,1
3,3,0,1,6,12,640,767000,1,1,1
3,3,1,1,11,0,2631,2573000,4,0,1
1,1,1,1,2,3,709,796000,1,0,0
1,1,0,0,9,9,404,575000,1,0,0
1,1,1,1,3,3,511,658000,1,1,2
2,2,1,0,2,1,396,598000,0,2,0
1,1,1,1,11,14,561,635000,1,0,2
0,1,0,0,14,1,371,472000,0,0,1
3,3,0,1,39,17,873,981000,1,1,0
1,1,1,1,29,4,526,552000,1,3,2
0,1,0,1,5,4,414,576000,1,2,1
2,2,0,0,2,3,722,1041000,1,3,2
1,1,0,0,57,1,418,625000,1,1,0
1,1,1,1,30,1,497,7e+05,1,3,1
1,2,1,1,27,8,720,856000,1,3,1
1,1,0,1,3,16,467,456000,0,3,0
1,1,0,0,0,5,333,483000,0,0,2
1,1,1,1,4,18,721,753000,1,0,1
1,1,0,0,14,12,263,426000,1,1,1
1,1,0,0,24,16,494,465000,1,2,0
2,3,0,1,23,1,377,477000,0,0,0
1,1,1,0,30,48,1139,1037000,1,0,2
1,1,1,0,21,6,643,697000,0,1,1
3,2,0,1,3,12,1198,1062000,2,0,1
1,1,0,1,5,0,682,749000,1,1,1
2,2,1,0,10,4,475,743000,1,0,1
2,2,1,0,4,19,1450,1938000,4,1,1
1,1,1,1,10,21,418,584000,0,1,0
3,2,0,1,15,4,796,777000,1,0,2
1,1,0,1,1,5,321,431000,0,0,0
1,2,0,0,5,17,885,1337000,2,1,1
2,2,1,1,9,3,694,732000,1,1,0
2,2,0,1,5,24,993,1326000,4,3,0
1,2,0,0,12,8,371,513000,0,0,2
1,1,0,0,1,1,881,1258000,1,3,2
1,1,0,1,14,7,668,823000,1,2,0
3,3,0,1,4,49,1450,2038000,3,0,0
2,3,0,1,4,7,1136,1675000,2,3,1
1,1,0,1,10,32,334,414000,0,2,0
2,2,0,1,22,9,683,739000,1,3,1
2,2,0,0,0,4,1141,1496000,3,1,1
1,1,0,0,14,11,733,820000,1,1,2
2,2,0,1,4,14,842,864000,1,0,2
3,2,0,1,4,2,765,692000,1,1,1
2,2,0,0,4,3,526,735000,1,0,0
1,1,0,1,16,16,458,499000,1,3,1
1,1,1,1,44,2,387,510000,0,1,0
1,1,1,0,26,0,415,537000,1,3,2
3,2,0,0,11,21,1796,2268000,3,0,1
1,1,0,0,18,7,548,584000,1,1,0
1,1,0,0,13,1,410,594000,1,3,2
0,1,0,0,36,14,328,490000,1,1,2
1,1,0,1,4,4,628,553000,0,1,2
1,1,1,1,21,27,636,778000,1,1,0
1,1,1,1,10,5,1013,1521000,3,1,2
1,1,0,0,6,4,381,705000,1,0,1
2,2,1,0,18,16,584,661000,1,0,0
1,1,1,1,9,26,441,512000,0,0,0
1,1,0,0,17,3,476,741000,1,1,1
2,2,0,0,17,10,501,718000,1,1,0
1,1,1,0,3,1,780,780000,1,3,1
1,1,1,1,18,9,493,584000,1,0,1
1,1,1,1,17,5,295,451000,0,0,0
2,2,1,0,9,1,900,1037000,1,0,1
1,1,1,0,6,15,681,867000,1,2,2
1,2,0,1,7,23,433,513000,0,3,1
2,2,1,0,37,20,794,931000,1,0,1
1,1,0,0,48,6,764,792000,1,2,0
1,1,1,0,0,5,755,723000,1,1,0
1,1,0,1,4,8,364,518000,0,0,0
3,3,1,1,16,23,1467,1602000,2,1,0
2,2,0,0,19,23,705,930000,1,0,1
2,2,0,0,33,15,756,1228000,2,1,1
3,2,0,1,31,32,447,566000,0,3,0
1,1,1,0,26,2,529,639000,1,0,2
2,2,0,0,14,15,311,505000,0,0,0
1,1,0,1,6,3,494,655000,1,2,1
1,1,0,1,3,4,600,702000,1,1,2
1,1,1,1,14,2,415,525000,1,1,0
3,3,1,0,16,3,1952,1870000,4,0,1
1,1,0,1,0,6,444,614000,1,2,0
2,3,1,1,2,14,1144,1481000,2,2,1
0,1,0,1,19,7,437,524000,0,0,1
1,1,0,0,15,3,314,435000,0,1,1
2,3,0,0,6,3,336,570000,1,0,1
2,2,1,1,18,1,1221,1855000,4,2,1
1,1,0,0,29,8,643,1033000,2,0,1
1,2,1,1,14,6,704,755000,1,2,2
2,2,1,1,1,11,490,766000,1,1,0
2,2,0,1,18,13,960,1089000,1,1,1
1,1,1,1,1,3,576,642000,1,3,0
2,3,0,0,19,25,1771,2530000,5,1,0
2,2,0,1,3,16,706,968000,2,2,0
3,3,0,0,5,7,1076,956000,1,0,1
3,3,0,1,12,18,970,794000,1,3,1
2,1,0,0,1,8,1032,1311000,3,3,0
1,1,0,1,11,10,616,578000,1,3,2
0,1,0,0,26,5,287,419000,0,2,1
1,1,1,1,0,14,460,597000,1,2,1
1,1,0,1,7,6,637,465000,0,0,0
1,1,1,1,43,3,602,691000,0,2,1
2,1,0,1,35,3,628,1041000,2,0,1
1,1,1,1,25,1,412,580000,0,0,2
2,2,0,1,2,17,695,851000,1,1,0
3,2,0,1,5,3,1596,1786000,2,2,0
1,2,1,0,9,30,491,587000,1,0,2
1,1,0,1,15,18,472,428000,1,0,0
2,3,0,1,8,2,521,725000,1,1,1
2,2,1,0,1,23,2097,2482000,3,1,0
1,1,1,0,9,14,624,572000,1,2,1
1,1,1,1,6,2,639,749000,1,0,0
1,2,0,1,24,2,449,596000,1,1,0
1,1,0,0,7,2,422,466000,0,0,1
1,1,1,1,13,6,357,549000,1,3,1
2,2,0,1,20,2,851,1130000,1,2,0
2,2,0,1,11,4,817,786000,1,0,1
2,2,0,1,21,2,1345,1563000,2,1,0
2,3,0,1,30,5,500,762000,1,1,2
1,1,1,1,40,29,564,1003000,2,0,1
1,1,1,0,14,0,861,769000,1,1,2
1,1,0,0,7,5,493,571000,1,0,2
2,3,1,0,6,4,636,917000,1,0,2
1,2,1,0,2,9,610,1017000,2,1,1
1,1,1,0,1,8,540,561000,0,1,1
2,2,1,1,2,2,2182,3254000,4,0,0
2,2,0,1,8,2,1083,1261000,2,0,0
1,2,0,0,8,17,1008,1337000,2,0,2
2,2,1,1,0,4,2610,2069000,2,1,1
2,3,0,1,5,4,587,788000,1,1,1
2,2,0,0,41,11,844,1289000,2,1,1
2,1,0,1,15,7,1139,851000,1,1,0
1,1,0,1,9,26,1064,846000,2,1,1
1,1,0,1,7,2,342,394000,0,3,0
2,2,0,0,7,4,998,1116000,2,1,1
2,3,0,1,8,4,566,804000,1,2,1
0,1,0,0,2,14,259,440000,0,0,1
1,1,0,1,3,12,776,890000,1,0,2
1,1,0,1,6,24,771,923000,2,3,1
2,2,1,1,9,4,3261,2834000,4,1,0
2,2,0,1,3,12,1467,2036000,4,0,2
2,2,0,1,13,6,632,799000,2,1,0
2,2,0,1,8,17,1626,2031000,2,2,0
1,1,1,0,0,6,715,710000,0,1,0
1,1,0,0,8,8,597,430000,1,1,1
2,2,1,0,11,4,1227,2024000,3,3,1
3,2,0,0,10,18,811,1223000,2,0,1
2,2,0,1,11,7,643,768000,1,1,0
1,1,0,0,29,16,357,508000,0,2,2
2,2,0,1,17,15,1197,1518000,2,1,0
1,1,0,0,7,32,591,759000,1,1,1
2,2,1,0,39,8,454,660000,1,1,1
1,1,0,1,10,10,363,539000,1,2,2
2,2,1,1,18,2,914,1253000,2,2,1
1,2,0,0,6,2,539,804000,1,1,2
1,1,0,0,5,1,341,487000,0,2,1
1,2,0,1,9,14,303,474000,0,3,1
2,2,0,1,28,14,717,720000,1,1,1
2,1,0,0,5,23,510,587000,0,0,1
2,2,1,0,15,13,888,984000,2,0,1
1,1,0,1,1,4,497,614000,0,0,1
2,2,1,0,2,8,949,1299000,1,0,1
1,1,1,1,17,11,987,866000,1,0,2
2,3,0,0,3,6,1284,1592000,2,0,1
2,2,1,0,5,1,569,794000,1,0,1
0,1,0,1,22,16,456,563000,0,0,1
2,3,1,0,3,11,633,599000,1,0,0
2,2,1,1,7,11,1065,1482000,2,3,1
1,1,0,1,2,2,481,643000,1,1,2
2,2,0,0,10,3,718,898000,1,3,1
1,1,1,0,3,6,522,752000,1,0,1
2,1,0,1,6,37,1247,1316000,2,2,0
3,2,0,1,41,6,516,788000,1,3,1
2,1,1,0,6,3,736,824000,2,2,1
3,2,0,1,10,3,975,740000,1,0,1
1,1,0,1,1,8,522,474000,0,3,0
2,2,1,0,1,1,506,768000,1,1,1
1,1,0,0,12,1,482,611000,0,3,0
1,1,1,0,11,4,540,740000,1,1,2
2,3,0,1,8,17,577,824000,1,3,1
3,2,0,0,28,12,943,1252000,2,1,1
1,1,1,0,33,5,899,610000,1,3,2
1,1,1,1,13,4,621,631000,1,1,2
1,1,0,1,9,20,383,520000,0,1,1
1,1,1,0,1,6,411,513000,0,2,1
3,2,0,0,7,4,993,1461000,2,1,1
1,1,1,0,11,6,879,920000,1,1,1
1,1,1,1,5,18,660,938000,1,3,2
1,1,1,1,2,16,437,553000,1,1,1
2,2,0,1,2,3,1011,1309000,3,1,0
1,1,1,1,16,1,364,633000,1,0,2
1,1,0,1,18,17,390,456000,0,2,1
2,2,1,0,2,30,5022,5688000,8,3,1
1,1,0,0,30,2,905,676000,1,1,1
1,1,0,0,19,4,462,677000,0,2,1
3,2,0,0,15,10,1438,2233000,4,0,1
1,1,1,0,1,7,490,626000,1,1,1
1,2,1,0,18,10,523,649000,0,0,1
2,2,0,0,42,11,957,1115000,2,1,1
2,1,0,1,21,4,578,724000,1,1,2
1,1,0,0,1,8,1157,1398000,2,0,0
3,2,0,1,3,12,622,828000,1,3,0
2,2,0,0,19,11,474,640000,1,0,2
1,1,0,1,1,9,544,650000,1,0,0
2,2,0,1,0,2,671,1160000,2,2,2
2,1,0,0,16,14,814,1027000,3,1,2
1,1,0,1,18,8,252,393000,0,0,0
0,1,0,1,10,11,329,381000,0,0,0
2,2,1,1,16,2,1895,2024000,4,0,1
2,2,0,1,24,10,479,506000,1,0,0
1,1,0,1,7,7,421,314000,0,0,0
1,1,0,1,13,6,368,473000,0,2,0
1,1,1,0,0,37,676,810000,1,0,1
1,1,1,0,9,21,434,553000,1,0,1
1,1,0,1,2,3,587,641000,1,0,2
3,2,0,0,16,6,1730,1827000,2,1,0
2,3,1,0,16,1,921,880000,1,2,0
3,2,0,1,17,29,1145,1194000,2,2,0
2,2,0,1,1,6,518,785000,1,1,2
1,1,1,1,25,7,301,405000,0,1,0
1,1,1,0,4,4,402,540000,0,0,1
2,2,0,1,8,7,985,790000,1,1,1
2,2,0,1,19,8,970,973000,1,0,1
0,1,0,0,11,28,222,317000,0,0,0
2,2,0,1,12,11,2019,2475000,3,0,0
1,1,0,0,7,1,298,406000,0,0,1
3,2,0,1,34,58,1102,1433000,2,1,0
1,1,0,1,25,1,469,650000,1,0,1
2,2,1,1,7,14,2465,2472000,6,0,0
3,2,0,1,1,4,506,691000,1,3,1
1,1,1,1,17,17,924,639000,1,0,1
1,1,0,1,16,11,396,514000,0,2,0
0,1,0,1,7,0,278,464000,0,3,1
1,1,0,1,46,21,540,860000,1,2,1
1,1,1,1,29,1,566,691000,1,1,2
1,1,0,0,13,4,405,491000,0,0,1
2,2,0,1,7,19,1808,2395000,5,0,0
1,2,0,0,9,2,231,394000,0,0,0
1,1,0,1,11,0,642,838000,1,0,2
2,2,1,0,6,11,1189,1721000,2,1,0
2,2,0,0,5,3,1100,1322000,2,2,0
1,1,1,1,8,4,1124,1018000,2,1,1
2,2,0,0,51,9,1035,1646000,2,3,0
2,2,0,0,2,8,1178,901000,1,0,1
1,1,0,0,41,34,515,552000,1,0,1
1,1,1,1,2,13,389,515000,0,2,0
2,2,0,0,7,1,561,887000,1,0,1
2,2,1,1,22,5,477,760000,1,0,0
1,1,1,1,0,15,507,749000,1,2,0
1,1,0,0,26,0,311,519000,1,2,1
2,2,0,1,1,9,495,821000,1,1,2
2,2,0,1,24,10,1174,1510000,1,0,0
1,1,0,0,83,3,343,426000,0,1,0
1,1,1,0,2,1,507,745000,1,0,1
1,1,0,0,18,18,561,756000,1,0,0
1,1,1,1,12,14,505,695000,1,2,1
2,2,0,1,17,2,404,506000,0,1,0
2,2,1,1,21,17,721,841000,1,1,1
2,2,0,1,3,1,722,1010000,2,0,2
1,1,1,1,26,1,565,818000,1,2,0
2,3,0,1,1,1,828,962000,1,3,0
1,1,0,1,0,4,351,510000,0,0,0
2,2,0,1,21,19,549,614000,1,3,1
1,1,1,0,7,2,507,686000,1,0,2
1,2,0,1,41,5,644,9e+05,1,0,1
2,2,0,0,14,3,819,1053000,2,1,1
2,2,1,1,5,4,1009,1641000,3,3,0
1,1,0,0,0,12,414,409000,0,2,0
1,1,1,1,22,7,548,521000,0,0,0
2,2,0,0,0,2,999,1210000,2,2,1
1,1,1,1,12,9,985,798000,1,0,1
2,2,1,1,169,12,483,716000,1,0,1
2,2,1,1,1,37,1651,2851000,7,1,1
1,1,1,1,26,13,565,857000,1,0,1
1,2,1,0,11,25,550,841000,1,0,1
1,1,1,1,43,4,464,748000,1,1,0
2,2,1,0,21,9,1353,1403000,3,1,0
2,2,1,1,0,55,1098,1350000,3,1,2
3,2,1,0,3,8,1003,1627000,3,2,1
1,1,0,0,13,6,460,551000,0,3,2
2,1,1,0,16,12,900,847000,1,0,1
1,1,1,1,5,3,621,669000,1,0,2
1,1,1,0,3,0,264,452000,1,0,0
2,1,1,0,9,4,867,1171000,2,1,0
1,1,1,1,8,12,656,696000,1,3,1
2,1,0,0,9,24,1482,2446000,4,0,1
0,1,0,0,7,10,352,551000,1,0,1
2,1,1,1,6,37,903,1114000,2,1,0
2,2,0,1,13,23,538,657000,0,1,0
1,1,1,1,4,9,377,621000,0,3,1
1,1,0,1,0,13,252,322000,0,1,0
1,1,0,1,25,5,786,554000,1,1,1
2,2,1,1,13,2,1050,1462000,3,0,2
2,2,1,1,32,11,1750,1418000,2,1,2
2,2,0,0,11,11,655,610000,1,2,0
2,2,0,1,12,19,2078,1674000,3,1,1
1,1,1,1,4,12,979,975000,2,2,1
1,2,0,0,9,9,609,665000,1,0,2
1,1,1,1,9,5,965,1277000,2,1,2
2,1,0,1,3,2,984,1255000,2,3,1
2,2,0,1,12,13,657,596000,1,2,2
1,1,0,0,0,13,593,580000,1,1,0
2,2,0,1,14,4,400,542000,0,3,0
1,1,0,0,1,6,328,466000,0,0,1
1,1,0,1,20,33,489,669000,1,0,0
2,2,1,0,5,6,442,713000,1,0,1
2,2,1,1,22,1,598,948000,1,1,1
1,1,0,1,1,2,677,670000,1,0,2
1,1,1,0,11,8,736,616000,0,2,1
2,2,0,1,15,7,707,652000,2,0,0
1,1,0,0,5,23,668,676000,1,0,2
2,2,1,0,3,2,1240,2065000,4,1,0
0,1,0,0,12,5,363,435000,0,1,0
2,2,1,1,14,5,861,1238000,1,3,2
1,1,1,0,8,15,795,743000,2,1,0
1,1,1,1,4,1,617,616000,1,0,1
1,1,1,0,0,2,860,727000,1,2,1
3,3,0,0,27,4,1378,1214000,2,0,0
2,2,0,0,6,6,2577,2218000,4,3,1
1,1,0,0,3,46,557,817000,1,1,2
1,1,1,1,0,0,721,942000,1,1,0
1,1,1,1,13,0,526,767000,1,1,1
2,2,0,0,4,6,845,1045000,2,1,0
1,1,1,1,8,12,627,723000,1,1,2
2,2,0,0,19,22,440,583000,1,2,0
1,1,0,1,19,2,603,607000,0,1,2
3,2,0,1,17,2,715,796000,1,3,2
1,1,0,0,34,18,515,416000,0,1,1
1,1,1,0,11,18,501,546000,1,1,0
2,3,0,1,20,26,786,863000,1,3,0
1,1,0,1,15,23,535,551000,0,0,2
1,1,0,1,42,4,649,926000,1,0,1
2,2,0,0,14,7,987,848000,2,0,1
1,2,1,0,32,30,710,727000,1,3,0
1,1,1,0,55,2,916,810000,1,1,0
1,1,1,0,11,5,579,931000,1,1,0
1,1,0,0,7,3,583,602000,0,0,0
1,1,0,0,0,10,310,415000,0,1,0
2,2,1,0,4,28,641,759000,1,3,2
2,2,1,1,27,30,843,1173000,3,0,1
2,2,0,0,8,1,1213,1143000,1,0,0
1,1,1,0,31,42,640,817000,1,0,2
0,1,0,1,10,18,402,551000,1,2,1
1,1,0,1,3,3,396,650000,1,2,2
2,2,0,1,8,3,391,571000,0,0,1
1,1,1,0,2,12,411,475000,1,1,0
2,2,0,1,1,1,454,564000,0,1,1
1,1,0,1,6,10,670,748000,1,0,1
2,2,1,0,25,62,1248,1303000,1,1,1
2,2,0,1,8,4,1223,1649000,4,0,1
1,1,1,1,19,0,746,646000,0,0,1
1,1,1,1,38,22,297,511000,0,2,1
2,1,0,1,4,5,364,516000,0,1,1
1,1,0,1,9,9,541,763000,1,2,0
2,2,0,1,3,14,2294,2113000,5,1,2
1,2,0,1,3,21,407,560000,1,2,2
2,2,0,1,6,3,1259,1257000,1,2,2
1,1,1,1,22,9,821,1098000,1,1,1
1,1,0,1,11,10,600,646000,1,2,0
1,1,1,1,12,11,396,588000,1,0,0
1,1,1,1,1,1,371,739000,1,2,0
2,2,1,1,4,6,681,759000,1,0,1
3,2,0,0,4,24,2215,2687000,5,1,1
1,1,0,0,4,4,467,774000,1,1,2
1,1,1,1,2,3,353,584000,0,1,1
2,2,0,0,10,0,772,1107000,2,0,0
2,2,0,1,7,16,430,705000,1,0,1
2,2,0,0,53,1,1162,1494000,2,3,0
2,2,0,1,78,5,489,678000,1,0,2
1,1,1,1,9,10,376,597000,1,0,0
1,1,1,1,9,10,547,544000,1,0,0
1,1,0,0,0,11,474,808000,1,3,2
2,2,0,0,13,13,1043,1075000,2,3,0
0,1,0,0,29,16,441,407000,0,2,0
1,1,1,1,1,17,1085,1065000,2,0,2
1,1,0,0,16,8,432,403000,0,3,0
1,1,0,0,12,36,502,683000,1,1,0
0,1,0,0,21,1,290,419000,0,1,0
2,2,1,0,6,13,459,815000,1,1,2
2,2,0,0,6,4,848,1185000,2,1,1
1,2,0,1,6,28,661,721000,1,0,1
1,1,1,1,2,8,551,813000,1,0,2
1,1,1,0,23,1,819,890000,1,1,1
0,1,0,0,11,7,265,371000,0,0,0
1,1,0,0,1,7,278,448000,0,2,1
1,1,0,0,40,5,326,473000,0,3,0
2,3,0,0,12,4,657,854000,1,1,1
1,1,0,1,17,1,428,569000,1,2,1
1,1,0,0,4,9,334,434000,0,0,1
2,2,0,0,2,20,400,562000,1,1,0
1,1,1,1,1,5,461,523000,1,2,1
2,3,0,1,8,34,712,973000,1,0,1
1,1,1,1,17,11,766,957000,1,0,1
1,1,0,0,8,3,464,395000,1,0,0
1,1,1,0,20,5,341,562000,1,2,2
2,2,0,1,9,6,539,685000,1,0,0
1,1,1,0,5,59,572,628000,1,0,1
0,1,0,0,46,24,385,475000,0,1,0
2,1,1,1,36,2,1465,1361000,2,1,1
1,1,1,0,11,59,391,632000,1,3,1
2,2,1,1,24,0,2244,1935000,3,0,2
2,2,0,0,2,7,1564,1670000,2,3,1
1,1,1,1,1,19,929,910000,1,3,1
1,1,0,1,10,5,399,378000,0,1,0
1,1,0,1,15,4,514,550000,1,1,1
1,1,1,1,1,28,522,670000,1,0,1
1,1,0,0,8,3,300,520000,0,2,0
1,1,1,1,23,6,407,546000,0,1,1
1,1,0,1,15,17,706,1025000,1,0,1
1,1,0,1,9,4,799,934000,1,0,1
1,1,1,1,8,42,634,881000,1,0,1
1,1,0,1,13,8,564,639000,1,1,0
2,3,1,1,64,1,495,718000,1,0,1
1,1,1,0,5,2,874,986000,2,0,2
1,1,0,0,19,5,569,695000,1,3,1
1,1,1,0,48,4,255,394000,0,1,0
2,2,0,1,10,7,553,834000,1,0,1
3,3,0,1,73,25,964,1222000,2,0,1
1,1,1,0,1,13,601,787000,1,0,1
1,1,1,1,59,5,496,7e+05,1,1,1
1,1,0,0,58,4,405,573000,0,0,1
1,1,0,1,21,19,339,387000,0,2,0
3,2,0,1,14,22,1410,1657000,2,0,2
2,2,0,0,4,6,1290,1307000,1,1,1
1,2,1,1,29,4,453,612000,1,0,1
0,1,0,1,2,4,311,452000,1,0,1
0,1,0,1,3,29,382,434000,0,1,0
1,1,0,0,21,6,520,562000,1,2,0
1,1,1,0,34,0,548,671000,1,3,2
3,2,0,1,10,1,472,749000,1,2,0
3,2,0,1,4,3,835,923000,2,0,1
1,1,0,1,8,7,271,464000,0,0,1
1,2,0,0,3,2,949,868000,1,1,1
2,2,0,0,3,16,610,801000,2,1,1
1,1,0,0,13,7,417,582000,1,1,2
2,2,0,1,8,2,286,544000,0,0,0
2,2,1,1,0,17,740,686000,1,1,1
1,2,0,0,6,4,189,321000,0,0,0
2,2,1,0,46,8,606,733000,1,2,0
1,1,0,1,0,4,552,745000,1,1,1
2,2,0,1,7,0,865,1067000,1,0,1
1,1,0,1,15,3,351,335000,0,0,0
1,1,0,0,26,18,263,417000,0,0,1
1,1,1,0,0,13,704,750000,0,0,1
3,2,0,1,36,0,1033,1431000,2,0,2
2,2,0,1,9,8,2057,2371000,4,0,0
2,2,0,1,12,2,1176,1748000,3,3,0
1,1,0,0,11,3,275,429000,0,0,0
1,1,0,1,10,17,727,865000,3,0,2
1,1,0,1,5,5,620,638000,1,1,2
1,1,0,1,54,34,600,724000,1,3,1
3,2,0,0,11,2,616,661000,1,0,0
1,1,0,0,2,5,355,610000,0,0,1
3,3,1,1,2,18,2308,1950000,3,1,0
1,1,0,1,28,12,533,520000,0,2,1
2,2,1,1,13,27,693,1103000,1,1,1
1,1,0,1,5,12,946,1222000,1,0,2
2,3,0,0,15,7,1894,2296000,4,1,1
2,2,0,0,11,3,709,731000,1,2,2
1,1,1,1,79,7,965,844000,1,0,1
1,1,1,1,13,7,550,780000,1,1,1
2,2,1,1,0,2,535,681000,1,0,0
2,2,0,0,1,19,460,497000,0,0,0
3,2,0,0,6,8,491,792000,1,0,0
1,1,1,0,10,28,483,487000,0,2,1
3,3,0,1,13,7,547,794000,1,0,0
0,1,0,1,31,18,367,446000,0,3,0
1,1,1,0,5,3,1004,1030000,2,1,1
0,1,0,1,7,23,298,455000,1,1,1
2,1,0,1,10,9,1438,1132000,1,1,0
2,3,0,0,28,10,648,632000,1,1,0
1,1,0,1,15,14,648,749000,1,0,0
1,1,1,0,12,47,630,593000,1,0,1
1,1,1,1,29,4,519,744000,1,3,1
1,1,1,1,1,19,1107,936000,2,2,2
1,1,1,1,2,2,766,727000,1,1,1
1,1,1,1,37,14,368,502000,0,0,1
3,3,0,1,27,4,1510,1290000,1,0,1
1,1,1,0,5,10,691,859000,1,1,2
1,2,1,1,2,27,497,866000,1,1,1
2,1,1,1,42,15,1553,2035000,4,0,2
3,2,0,0,23,4,771,1102000,1,1,1
1,1,1,1,14,13,520,741000,1,0,1
1,1,0,0,33,2,944,538000,0,0,2
2,2,0,0,33,2,471,506000,1,0,0
1,1,1,1,18,9,685,563000,0,1,0
0,1,0,1,3,37,404,514000,1,0,2
2,2,1,0,20,7,1129,1225000,2,1,1
2,3,0,0,30,6,968,1107000,2,1,1
1,1,1,1,9,18,326,501000,1,1,1
1,1,0,1,0,3,863,1024000,1,3,0
2,2,0,0,19,1,435,735000,1,1,0
2,2,1,0,26,5,1686,2199000,4,0,1
1,1,1,1,0,0,364,585000,1,1,1
2,2,0,1,20,17,1444,2056000,3,0,0
1,1,1,1,2,20,543,841000,2,0,2
1,1,1,1,36,8,479,659000,1,0,0
1,1,0,1,0,7,615,534000,0,2,0
1,1,0,0,1,8,408,550000,1,1,2
1,1,0,0,20,6,386,414000,0,0,1
1,1,0,1,4,6,550,840000,1,0,0
2,3,0,1,45,20,612,779000,0,2,1
1,1,0,0,14,8,513,709000,1,1,0
1,1,1,0,3,1,631,840000,0,0,1
1,1,0,0,7,2,569,693000,1,1,2
2,3,0,0,2,2,1831,2289000,4,0,1
2,3,0,1,2,20,1382,2248000,3,1,1
2,1,0,1,7,5,673,604000,1,1,1
1,1,0,1,7,1,853,895000,1,3,2
1,1,0,1,28,15,732,866000,2,1,1
2,2,0,0,33,7,1797,2536000,4,0,1
2,3,1,0,2,6,568,758000,1,3,1
2,2,0,1,2,9,1024,1168000,2,2,2
2,1,0,0,4,12,826,1028000,1,1,2
1,1,1,1,25,23,333,567000,0,1,1
3,3,0,1,17,1,1238,1252000,2,1,0
2,2,1,1,6,23,942,852000,1,3,2
0,1,0,1,52,2,263,325000,0,1,0
1,1,0,1,21,12,399,511000,0,0,2
3,2,0,1,3,9,1086,1511000,2,1,2
0,1,0,1,11,0,361,506000,0,0,1
2,2,1,0,18,11,1048,817000,2,0,1
0,1,0,1,2,33,305,460000,0,0,1
2,2,1,0,4,2,1363,1848000,3,2,0
1,2,1,0,17,1,422,568000,1,0,1
1,1,0,0,20,0,334,459000,0,0,0
2,2,1,1,1,19,913,810000,1,3,1
2,2,0,0,13,10,911,1019000,2,2,1
1,1,1,1,3,17,621,837000,1,3,2
1,1,0,1,1,5,278,421000,0,0,0
1,1,0,1,25,9,503,730000,1,3,0
1,1,0,1,0,6,369,524000,1,0,1
1,1,1,1,16,10,497,742000,1,2,0
3,2,0,1,7,15,895,1673000,3,3,1
2,2,1,1,12,6,794,928000,1,0,1
2,2,0,1,4,4,674,776000,1,0,1
1,1,1,1,10,9,351,493000,0,2,0
0,1,0,1,7,4,660,550000,1,0,2
3,3,0,1,1,2,1150,1892000,2,0,0
1,1,0,1,4,7,364,403000,0,1,0
1,1,1,1,3,9,539,618000,1,1,0
1,1,0,0,26,60,610,432000,0,1,1
3,2,0,0,41,30,1128,1720000,2,1,1
1,1,0,0,4,2,1422,882000,1,1,0
2,2,0,0,2,11,882,1066000,1,1,1
0,1,0,1,6,17,365,477000,0,3,1
1,1,0,1,8,13,466,545000,1,2,1
1,2,0,1,9,0,712,653000,0,2,1
1,2,1,0,2,1,580,599000,1,0,1
3,3,0,1,1,7,513,853000,2,1,1
2,2,1,0,15,1,1161,1153000,2,1,0
2,2,0,1,25,3,484,748000,1,3,1
2,2,0,1,19,12,990,1005000,2,0,2
2,2,0,1,9,3,1119,1706000,3,0,1
3,3,0,1,12,1,1065,1037000,2,1,2
1,1,0,0,4,11,347,544000,0,1,0
1,1,0,1,65,2,374,404000,0,1,0
2,2,0,0,0,20,672,851000,1,3,1
2,2,0,1,22,14,620,1047000,2,2,0
1,1,1,0,4,5,973,1264000,2,1,2
1,1,0,0,24,13,369,644000,1,2,0
1,1,0,1,12,15,591,728000,1,1,1
2,2,0,0,44,3,564,545000,1,1,1
2,2,1,1,0,7,1173,1257000,1,0,0
1,1,0,1,5,15,346,377000,0,3,0
1,1,1,0,15,5,416,616000,1,2,1
1,1,0,1,10,10,306,412000,0,1,0
2,2,0,1,1,4,1000,1755000,3,0,0
1,1,0,1,1,2,415,637000,1,1,1
2,2,0,1,2,1,893,1154000,3,1,0
1,1,1,1,6,7,660,705000,1,2,2
2,2,0,1,12,3,739,1067000,2,2,1
2,2,0,0,16,7,546,889000,1,0,1
1,1,0,1,6,25,410,548000,1,0,1
2,3,0,1,38,5,457,584000,1,0,1
3,3,0,0,6,3,917,1195000,3,0,0
2,1,0,0,14,4,1495,1273000,2,1,1
1,1,1,1,49,36,301,410000,0,0,0
1,1,0,1,28,61,502,745000,1,1,1
1,1,0,0,2,3,433,461000,0,0,1
2,2,0,0,2,12,1178,1064000,1,1,0
1,1,1,1,4,28,459,504000,1,2,0
2,2,1,0,11,22,2177,1894000,4,0,2
1,1,1,1,13,0,358,525000,1,3,1
1,1,0,1,20,30,482,481000,0,1,1
2,2,1,1,1,6,816,813000,1,1,1
2,2,1,1,1,7,729,996000,2,0,2
0,1,0,0,4,2,384,473000,1,2,1
2,2,0,1,1,21,358,542000,1,3,0
1,1,0,1,11,40,394,460000,0,0,1
1,1,0,0,11,15,465,611000,1,0,2
2,2,0,1,2,32,1022,1542000,2,1,1
1,1,1,1,6,8,724,620000,1,0,1
2,2,0,0,3,35,596,616000,1,1,1
1,1,1,0,10,15,625,934000,1,3,0
2,2,0,1,10,13,1923,2479000,4,3,1
2,2,1,1,2,6,882,1022000,1,3,1
2,3,0,1,85,11,2094,1651000,2,2,1
1,1,0,0,10,5,310,465000,1,3,0
2,3,0,1,6,2,1498,1646000,3,3,1
2,2,1,1,3,2,721,806000,1,1,1
1,1,1,1,10,19,942,776000,1,1,1
1,1,0,1,10,22,320,445000,0,3,0
1,1,0,0,27,2,585,782000,2,0,2
2,2,0,1,3,20,658,675000,1,2,1
1,1,0,0,44,8,444,585000,1,1,1
1,2,0,1,14,6,388,496000,0,1,0
2,2,0,0,7,3,1292,1329000,2,0,0
2,2,0,1,3,24,909,1250000,2,0,1
2,2,0,1,19,4,612,531000,0,0,0
1,1,0,1,4,16,379,458000,0,2,1
0,1,0,1,10,13,580,526000,0,1,1
1,1,1,1,4,1,628,707000,1,3,1
1,1,1,0,59,0,564,662000,1,0,1
3,2,0,0,2,3,931,1517000,2,2,1
1,1,1,0,10,4,299,575000,0,1,1
1,1,1,0,7,2,522,8e+05,2,1,2
2,2,1,1,2,13,1249,1590000,3,1,0
1,1,0,1,0,1,454,673000,1,0,1
1,1,0,1,7,19,564,917000,1,0,2
0,1,0,0,12,21,340,507000,0,0,1
1,2,0,1,11,13,351,536000,0,1,1
0,1,0,0,57,5,394,467000,1,1,0
1,1,1,1,23,3,327,477000,0,0,0
2,2,0,0,34,12,1545,1919000,3,0,2
2,2,0,0,12,0,437,623000,1,0,1
1,1,1,1,20,7,514,731000,1,2,0
0,1,0,1,26,24,741,843000,1,0,1
2,2,1,0,11,14,591,703000,1,0,0
1,1,0,1,13,27,471,371000,0,1,0
0,1,0,1,11,12,269,421000,0,1,0
2,2,1,1,4,13,2102,2196000,4,1,1
1,1,0,1,13,27,335,440000,0,1,0
2,2,0,1,1,3,907,819000,1,0,1
1,1,1,1,5,4,1158,924000,1,2,1
2,2,1,1,14,7,533,886000,1,1,1
1,1,0,1,1,26,491,7e+05,1,1,1
1,1,1,1,6,0,854,797000,1,1,0
2,3,1,0,21,1,640,917000,1,0,0
2,2,0,1,2,27,1144,1422000,2,0,0
2,2,0,1,1,56,1594,2283000,3,1,0
2,1,0,0,1,7,763,1080000,1,0,1
1,1,0,0,8,2,261,378000,0,1,0
2,3,0,0,24,8,1698,1936000,2,1,1
1,1,1,1,18,0,422,577000,1,0,1
2,2,0,1,13,16,1440,2216000,4,0,0
2,1,1,1,57,0,597,780000,1,3,1
1,1,1,1,30,7,874,664000,1,2,0
1,1,1,0,8,5,529,711000,0,0,1
0,1,0,0,18,9,305,399000,1,3,0
2,2,0,1,15,8,896,1155000,1,2,0
1,1,1,0,15,2,1263,842000,1,1,1
1,1,0,1,8,3,567,621000,0,1,0
2,2,0,1,9,9,539,783000,1,1,1
1,2,0,0,6,5,474,508000,1,3,0
1,1,0,0,5,7,662,833000,1,0,0
1,2,0,1,38,45,523,535000,0,2,1
1,1,0,0,5,4,367,480000,0,0,1
1,1,0,1,11,11,553,624000,1,0,2
1,1,0,1,24,20,334,348000,0,1,0
1,1,0,0,8,2,320,442000,0,1,0
2,2,0,1,9,2,966,1731000,3,0,0
1,1,0,1,5,5,341,516000,1,2,1
1,1,1,1,16,4,638,798000,1,3,1
1,1,0,0,50,3,346,379000,0,0,0
2,2,0,1,10,39,511,648000,0,0,1
1,1,1,1,18,6,621,554000,0,1,2
2,2,0,1,5,5,2117,2e+06,3,0,1
1,1,0,1,6,3,628,827000,1,0,0
3,3,0,1,5,2,944,1259000,2,0,1
2,2,0,0,1,32,1009,976000,1,0,2
2,2,1,1,9,4,1478,1272000,2,1,1
1,1,1,0,14,3,500,606000,0,0,2
1,1,0,0,19,10,379,529000,0,3,0
2,2,0,1,19,8,383,693000,1,0,1
1,1,1,0,11,2,794,550000,0,0,1
2,2,0,1,26,3,1171,1163000,2,3,2
1,1,0,1,22,18,580,703000,1,0,1
1,1,1,0,8,45,394,619000,0,2,1
1,1,0,1,21,10,668,986000,1,3,1
0,1,0,1,8,3,216,313000,0,1,0
1,2,0,0,28,16,244,320000,0,0,0
2,2,0,0,0,6,557,871000,1,3,1
2,2,1,1,9,13,955,1344000,1,1,1
1,1,1,1,10,5,396,442000,0,0,0
1,1,0,0,4,11,472,569000,0,1,0
2,2,0,0,7,15,1650,1134000,2,0,1
1,1,1,0,19,1,727,890000,2,3,1
0,1,0,1,10,1,299,485000,0,1,0
2,2,0,0,15,25,1253,1259000,2,1,0
1,1,0,0,12,14,354,446000,0,2,1
0,1,0,0,20,3,403,429000,0,0,0
1,1,0,1,20,21,539,580000,1,2,0
1,1,1,1,9,21,421,608000,1,0,1
2,1,1,1,6,4,720,883000,1,0,1
1,1,0,0,24,39,743,878000,2,0,2
1,1,0,1,3,18,681,827000,1,1,0
1,1,0,0,7,1,240,438000,0,1,0
2,1,0,0,0,2,878,1057000,1,2,1
1,1,0,1,78,12,467,451000,1,1,1
1,1,0,0,24,6,496,527000,1,0,1
2,3,1,0,9,8,1245,1455000,3,3,1
2,2,0,1,15,1,1084,1366000,2,1,1
1,2,1,0,6,18,1197,1100000,1,0,1
2,2,1,0,26,7,888,1642000,3,0,2
1,1,1,1,9,5,565,811000,1,2,1
1,1,0,0,22,5,857,1336000,3,1,2
1,1,0,1,4,2,394,724000,1,0,1
0,1,0,0,5,0,345,437000,0,1,1
2,2,0,0,18,25,574,640000,1,2,1
1,1,1,1,21,1,1020,1166000,1,0,2
2,2,0,1,18,16,1572,1470000,3,0,1
0,1,0,0,3,10,254,395000,0,2,0
0,1,0,1,4,7,610,493000,0,0,1
2,2,0,1,80,13,1081,1197000,3,0,1
1,1,0,1,10,10,372,439000,0,2,0
1,1,1,1,16,18,584,845000,1,2,1
1,1,0,1,9,17,338,5e+05,0,2,1
1,2,0,0,3,41,268,388000,0,0,0
2,2,1,1,42,24,622,717000,1,3,1
2,2,0,1,15,1,1159,1717000,3,0,0
1,1,1,1,31,13,294,495000,0,0,0
2,3,0,0,40,1,1007,1212000,1,3,1
1,1,0,1,7,2,621,707000,1,3,2
3,2,0,1,3,1,745,1089000,2,1,0
2,1,1,0,11,17,1229,2015000,3,0,1
2,3,0,0,37,9,1527,1342000,2,2,0
2,3,0,0,0,4,881,862000,1,0,0
2,2,0,1,7,1,603,777000,1,1,0
1,1,1,0,6,3,509,473000,0,0,0
2,3,1,0,8,5,1080,1226000,2,2,1
1,2,1,1,6,7,341,5e+05,0,3,1
1,1,1,1,47,4,434,603000,1,1,1
1,2,1,0,32,0,881,912000,1,0,1
1,1,0,0,13,3,667,646000,0,2,2
2,2,1,1,1,16,1120,1329000,2,0,1
2,1,0,1,11,2,690,941000,1,0,1
1,1,1,0,15,5,706,694000,1,0,0
2,2,0,1,18,22,1292,1520000,3,0,1
1,1,1,1,32,26,498,566000,1,2,0
1,1,0,0,13,3,590,658000,1,1,1
2,2,0,1,14,14,1015,959000,2,3,1
1,2,1,1,2,9,321,441000,0,3,0
1,1,1,1,14,1,402,742000,1,1,2
2,2,0,1,1,8,487,597000,1,3,1
2,2,0,0,9,12,969,1002000,2,1,1
1,1,0,1,15,10,676,815000,1,0,0
1,1,0,1,5,1,593,812000,1,1,2
1,1,0,1,10,19,522,631000,1,0,1
1,1,1,1,34,11,861,1240000,1,0,1
2,2,0,1,8,1,738,1142000,2,1,1
2,2,0,1,1,1,421,521000,0,3,0
2,1,0,0,51,1,806,911000,1,0,2
1,1,1,1,20,4,484,581000,1,2,1
2,2,0,1,51,21,1024,988000,1,0,1
2,2,0,1,22,10,1027,884000,2,0,1
2,1,1,1,14,13,1561,1532000,2,1,2
0,1,0,0,8,8,253,308000,0,2,0
1,1,1,1,15,3,507,885000,1,1,1
1,1,1,0,9,10,361,540000,1,1,0
2,2,0,0,14,3,768,794000,1,1,1
3,2,0,1,8,8,2579,2629000,5,0,0
1,2,1,1,9,11,979,1103000,2,2,1
2,1,0,1,44,2,623,931000,1,3,1
2,3,1,1,13,17,688,744000,1,0,1
2,2,1,0,0,6,1152,1373000,3,0,2
2,2,0,1,16,22,1069,1462000,3,0,2
1,1,1,1,1,6,626,689000,1,1,0
2,2,0,1,5,5,804,981000,1,1,0
3,3,0,0,17,1,2806,3260000,6,0,1
1,1,1,1,13,3,878,1073000,1,0,0
1,1,1,0,10,5,554,646000,1,1,0
1,1,1,1,9,2,479,580000,0,0,1
1,1,1,1,17,0,564,724000,2,0,2
2,2,0,1,14,5,480,502000,1,3,0
2,2,0,0,5,12,615,676000,1,3,1
1,1,1,1,1,4,341,640000,1,1,1
1,1,0,0,5,17,305,551000,1,0,0
2,2,1,0,14,0,1471,1624000,3,0,1
1,1,1,0,6,2,396,556000,1,1,1
0,1,0,0,25,1,413,455000,0,1,2
1,1,0,1,1,5,391,475000,0,2,1
2,1,1,1,27,4,944,1197000,1,1,1
2,2,0,1,10,13,1090,1525000,2,0,0
1,1,1,1,33,1,450,630000,1,2,0
2,2,0,1,21,4,728,796000,0,3,1
1,2,0,0,28,4,498,609000,1,1,1
2,2,1,1,10,1,1857,1370000,2,0,1
1,1,1,1,18,4,348,427000,0,0,0
1,2,0,1,8,8,487,336000,0,1,0
3,2,0,1,7,6,1284,1322000,3,0,0
3,2,0,1,9,3,950,868000,2,1,2
2,2,0,0,5,8,1168,1142000,2,3,0
2,2,0,1,8,3,1453,2115000,2,0,0
2,1,0,1,1,10,793,1459000,2,0,1
3,2,0,1,10,13,626,846000,1,2,1
2,2,0,0,0,4,365,503000,1,0,0
2,2,0,1,13,3,2672,2945000,4,1,0
1,1,1,1,0,16,285,370000,0,3,0
1,1,0,0,1,5,334,436000,0,0,1
2,2,0,1,4,3,600,655000,1,0,1
2,2,1,0,31,4,805,1019000,1,2,1
1,1,0,0,4,12,666,744000,1,2,2
1,1,1,0,12,17,1040,632000,1,0,1
1,1,0,1,13,13,350,422000,0,2,1
2,2,1,0,14,1,1847,1962000,3,0,0
1,1,1,1,11,1,709,692000,1,0,1
2,2,0,1,0,8,443,458000,1,0,0
3,2,0,1,11,1,1296,1802000,4,3,0
2,2,1,1,25,11,801,1091000,1,3,0
1,1,1,0,13,19,560,787000,1,0,0
1,1,0,1,19,5,283,469000,1,0,1
2,2,1,1,47,0,788,762000,1,0,1
1,1,0,0,4,5,761,748000,1,2,1
1,1,0,0,6,16,503,484000,0,2,1
2,2,0,1,3,7,975,1248000,2,1,0
1,1,1,1,36,7,824,1020000,1,1,2
1,1,0,1,5,0,384,612000,1,3,1
1,1,0,0,14,7,379,354000,0,0,0
2,2,0,1,31,7,1427,1353000,2,1,1
1,1,1,1,3,7,884,936000,1,1,1
3,3,0,0,22,4,1881,1878000,3,0,2
0,1,0,0,2,2,344,512000,0,0,1
1,2,1,0,28,0,538,792000,1,2,0
1,2,0,0,32,17,444,474000,1,0,1
0,1,0,0,2,7,505,560000,1,0,2
1,1,0,0,16,15,218,366000,0,2,0
1,1,0,1,0,10,758,760000,1,1,1
3,3,0,0,22,1,467,708000,1,1,1
2,3,1,0,13,5,1645,2065000,3,1,1
1,1,0,0,22,9,395,516000,0,3,1
2,3,0,1,4,31,477,515000,0,0,1
3,3,0,1,15,13,1041,1420000,2,0,0
1,1,0,1,6,18,631,659000,1,0,0
1,1,0,1,55,8,585,721000,1,3,1
2,2,0,0,20,3,844,1338000,2,3,0
1,1,0,0,41,24,723,783000,1,1,1
1,1,0,0,0,4,478,579000,1,1,0
1,1,0,1,0,29,361,434000,1,0,0
2,1,0,1,3,19,1607,1410000,2,0,0
0,1,0,1,6,1,390,530000,0,0,1
1,1,1,1,13,4,434,703000,1,1,1
1,1,1,1,0,37,1022,723000,1,0,2
3,2,0,1,1,15,1170,1686000,2,3,1
1,1,0,1,11,3,410,545000,1,0,2
0,1,0,1,9,7,527,443000,0,3,0
2,3,1,1,4,16,857,753000,1,0,1
2,1,0,0,25,15,1083,925000,1,0,1
2,2,0,1,2,1,1125,1246000,2,0,2
1,1,0,0,35,9,506,637000,1,1,2
1,1,0,1,40,18,676,940000,1,0,0
1,1,1,0,32,12,478,673000,1,2,1
1,1,1,1,4,1,635,792000,1,3,0
2,2,0,0,5,6,346,547000,0,2,1
1,1,0,0,3,3,845,1293000,2,2,2
1,1,0,0,23,0,295,423000,0,0,1
1,1,0,1,7,11,595,941000,1,2,2
2,3,0,0,9,10,749,1034000,1,0,1
1,1,1,0,5,2,752,606000,1,1,0
1,1,0,0,6,6,395,558000,1,1,1
2,2,0,1,31,2,844,990000,1,1,1
2,2,1,0,4,1,1984,1791000,3,2,0
1,2,1,0,42,12,612,732000,1,0,0
1,1,1,1,1,13,375,571000,1,3,1
1,2,1,1,4,10,494,565000,0,1,1
1,1,0,1,4,16,309,436000,0,0,1
1,2,0,0,16,20,354,432000,1,3,1
2,2,0,1,0,16,758,879000,1,0,1
2,2,0,1,26,14,1114,1124000,1,2,0
1,1,0,1,1,20,474,497000,0,1,0
1,1,0,1,6,2,677,941000,2,0,1
1,1,1,1,1,5,756,766000,1,0,2
1,1,1,0,8,18,806,705000,1,3,1
1,1,1,1,12,27,1162,1221000,2,3,2
1,1,0,1,27,19,258,383000,0,1,0
1,2,1,0,14,5,601,581000,2,1,1
2,2,0,1,11,5,618,1018000,1,2,1
2,1,1,1,24,5,683,877000,2,0,1
1,1,1,1,8,16,946,1091000,2,1,2
0,1,0,1,6,4,349,524000,0,1,1
1,1,0,1,13,4,367,464000,0,3,0
1,1,0,1,4,24,454,631000,1,0,1
1,1,0,0,18,30,1229,919000,1,0,1
2,3,0,1,19,6,963,955000,2,0,1
1,1,0,1,33,2,516,533000,1,2,1
1,1,0,1,5,10,522,446000,0,0,0
2,2,1,0,2,8,1025,1068000,1,0,1
1,1,1,0,2,7,580,559000,0,1,1
2,2,0,0,3,10,703,992000,2,0,0
2,3,1,1,12,10,961,1063000,2,1,0
2,2,1,1,13,2,1573,1058000,1,2,1
1,1,0,1,2,5,442,536000,0,1,2
2,2,1,0,25,4,2625,3097000,6,0,0
1,1,0,1,2,4,591,635000,1,3,0
1,1,0,1,2,2,502,514000,0,2,0
0,1,0,1,2,10,438,440000,1,1,1
2,2,1,1,26,6,541,618000,0,2,0
1,1,1,0,8,14,376,547000,1,1,2
2,1,1,0,3,44,1008,1550000,2,1,0
1,1,1,1,63,1,343,517000,1,0,1
3,3,0,1,3,6,1266,1980000,6,2,1
2,2,1,1,15,13,399,772000,1,1,1
3,2,0,0,52,12,3600,3894000,8,0,1
1,1,0,0,7,5,463,414000,0,3,1
2,2,1,0,34,4,819,761000,1,0,1
1,2,1,1,31,2,414,565000,0,3,1
1,1,0,0,23,21,526,671000,1,2,0
2,2,1,1,19,0,680,980000,2,0,2
0,1,0,1,24,29,475,393000,0,0,0
1,1,1,0,7,8,712,696000,1,1,0
1,1,1,1,7,26,389,606000,1,1,2
1,1,0,1,11,1,179,331000,0,0,0
1,1,1,1,4,1,664,744000,1,2,2
2,2,0,0,23,18,1370,1536000,2,0,1
0,1,0,1,3,3,214,349000,0,2,0
2,2,1,1,17,14,1054,1617000,2,0,2
1,1,1,0,9,7,441,612000,0,1,0
1,1,1,0,8,8,408,578000,0,0,2
3,2,0,0,15,23,596,804000,0,1,0
1,1,1,0,2,1,424,556000,1,1,0
1,1,1,0,27,1,625,962000,1,0,0
2,2,0,1,11,13,996,1070000,1,2,0
2,2,0,1,19,5,550,876000,3,1,1
2,1,0,1,5,2,1418,1375000,2,3,1
2,2,0,0,14,15,1005,1404000,3,1,2
1,1,0,1,47,0,433,548000,0,1,2
3,2,0,1,22,2,908,1301000,2,2,0
1,1,0,0,3,16,827,818000,0,0,1
1,1,0,1,17,4,462,505000,1,1,1
2,2,0,0,1,6,940,691000,1,2,2
2,3,0,1,40,3,1166,1238000,1,1,2
1,2,0,0,3,8,580,5e+05,0,0,1
2,2,0,1,9,9,1032,1443000,2,0,2
1,1,1,1,37,5,387,592000,1,1,1
3,3,0,1,8,1,1154,1001000,1,3,1
2,1,0,1,10,12,857,1062000,1,1,1
1,1,0,1,24,16,511,645000,1,2,0
2,2,0,1,10,6,590,883000,2,1,2
2,2,0,1,11,0,547,750000,1,2,2
2,1,0,0,15,8,761,967000,2,0,0
2,2,0,0,11,7,806,823000,1,0,2
1,1,0,1,24,2,443,577000,1,0,1
1,1,0,0,11,11,627,896000,3,0,1
2,2,1,0,2,5,723,933000,2,3,1
2,2,0,0,10,7,524,562000,1,0,0
2,2,0,1,3,5,540,623000,1,1,1
1,1,1,0,1,5,377,532000,1,1,0
2,2,0,1,5,4,729,996000,2,0,0
1,1,1,1,9,0,806,692000,1,0,1
1,1,0,1,38,23,253,385000,0,0,0
0,1,0,0,9,43,309,457000,0,2,1
0,1,0,1,8,4,326,394000,0,1,1
1,1,0,1,3,5,676,675000,1,1,2
2,1,0,0,4,3,547,530000,0,0,1
2,2,0,1,2,3,390,592000,1,2,0
1,1,1,1,2,17,820,814000,1,1,0
2,2,1,1,39,6,2544,4049000,7,3,0
1,1,0,1,35,20,492,468000,0,1,1
1,1,1,1,14,16,549,727000,1,2,0
1,1,0,0,1,12,563,1056000,1,0,1
1,1,0,1,2,13,716,515000,1,2,1
2,3,0,0,1,75,1176,1527000,2,1,1
1,1,1,0,24,2,481,747000,1,0,0
1,1,0,1,20,3,780,768000,1,0,1
1,1,0,1,9,28,362,542000,0,3,1
1,1,1,1,30,15,822,948000,1,0,0
1,1,1,1,21,5,307,435000,0,0,1
0,1,0,0,14,8,331,437000,0,3,1
1,1,0,0,6,7,506,698000,1,1,1
0,1,0,1,7,66,296,438000,0,1,0
2,2,1,0,34,6,984,1192000,1,3,2
1,1,0,0,3,5,691,664000,1,1,1
2,2,1,1,4,16,687,951000,1,0,0
0,1,0,0,14,13,371,369000,0,2,0
1,2,1,1,13,13,648,767000,1,2,2
2,2,1,0,9,3,1601,1864000,2,0,1
1,1,1,1,20,23,1238,1293000,2,0,1
2,1,0,0,31,11,1185,1387000,2,2,1
3,2,0,1,18,7,685,977000,2,3,0
2,3,1,0,7,9,1038,1021000,2,3,2
2,2,1,0,28,1,2108,3109000,5,1,1
3,2,0,1,3,16,1776,2167000,4,1,0
0,1,0,0,1,13,301,383000,0,0,0
2,3,0,1,22,1,797,799000,1,0,1
2,2,0,1,34,26,1943,1740000,3,2,2
1,1,1,1,5,12,603,756000,1,2,0
2,2,0,0,22,2,915,765000,1,2,1
2,2,1,1,11,4,2906,3609000,6,0,2
1,1,0,1,7,0,345,525000,0,1,1
2,2,1,1,9,4,1703,2376000,2,1,2
1,1,1,0,1,4,488,498000,0,0,0
1,1,0,0,3,3,262,302000,0,1,0
1,1,1,0,29,5,654,710000,1,0,1
1,1,1,1,4,0,278,426000,0,1,0
1,1,1,1,1,1,373,542000,1,3,0
1,1,0,0,25,8,729,839000,1,0,1
2,1,0,1,9,14,860,917000,1,0,2
0,1,0,0,20,8,467,517000,1,1,2
2,2,1,1,15,13,616,875000,1,0,2
2,2,1,1,3,7,680,925000,1,0,1
1,1,1,0,18,28,443,573000,0,0,0
1,1,1,1,3,0,917,1090000,2,0,1
2,2,1,0,8,31,3575,3769000,7,0,1
1,1,1,0,12,2,736,1091000,2,1,1
1,1,0,1,6,4,426,543000,0,0,2
2,2,0,0,13,2,283,595000,1,2,2
2,2,0,0,4,6,555,857000,1,0,0
1,1,0,1,1,9,1236,1350000,3,2,2
1,1,0,0,56,7,583,673000,1,0,1
1,1,1,1,11,12,361,513000,1,0,0
1,2,1,1,28,3,356,567000,1,1,0
1,1,0,0,6,16,236,351000,0,0,0
3,2,0,0,8,3,793,1379000,2,0,0
1,1,0,0,18,28,684,762000,1,1,0
2,2,0,1,13,16,1070,949000,1,0,0
1,1,0,0,9,7,397,422000,0,3,1
3,2,0,1,10,8,1918,2008000,2,0,0
1,1,1,1,5,2,900,943000,2,0,2
0,1,0,1,26,24,185,317000,0,1,0
1,1,1,1,19,9,661,756000,1,0,1
2,2,0,1,14,12,888,743000,1,2,2
3,2,0,1,8,32,1188,1904000,3,2,1
0,1,0,1,6,13,471,588000,1,3,1
2,2,0,1,5,29,789,841000,1,1,1
2,1,0,0,1,6,1566,1928000,4,0,0
1,1,1,0,15,4,540,509000,0,1,1
1,1,0,1,31,41,706,822000,1,2,0
1,1,1,0,14,3,472,576000,1,1,0
2,3,0,1,3,15,1082,1588000,3,2,0
2,1,1,1,33,4,2870,3726000,5,1,2
2,2,1,0,10,1,649,762000,1,2,2
2,2,0,0,7,10,696,1e+06,1,1,1
2,2,0,1,3,2,1179,1124000,2,0,2
1,1,0,0,9,15,540,785000,1,1,2
1,1,1,1,15,33,481,639000,0,2,1
1,2,0,1,6,69,311,486000,0,1,1
1,1,0,1,14,2,410,595000,1,3,0
2,2,1,0,13,3,1825,1876000,5,0,1
1,1,0,0,16,11,737,733000,1,1,0
2,2,0,1,9,4,915,722000,1,0,1
1,1,1,1,12,8,475,655000,1,0,0
2,3,0,1,8,16,909,1285000,3,1,0
1,1,1,1,38,2,731,620000,0,1,1
1,1,1,1,13,2,373,486000,1,3,0
2,2,0,1,6,22,508,811000,1,1,1
2,2,0,1,3,19,995,1244000,2,1,0
3,2,0,0,11,7,506,662000,1,0,1
1,1,0,1,36,9,476,425000,1,1,0
1,1,1,1,1,1,533,572000,0,0,1
1,1,1,0,0,6,416,498000,0,0,1
1,1,1,1,9,9,690,961000,1,0,1
2,2,0,0,2,25,2257,1958000,5,2,0
1,1,1,1,20,10,548,691000,2,1,1
1,1,0,1,9,2,504,626000,1,1,0
1,2,0,0,81,3,577,912000,1,3,1
2,3,0,0,7,8,571,924000,1,1,2
3,2,0,0,11,3,1756,1896000,3,1,0
1,1,1,1,4,10,621,664000,0,2,1
2,3,0,1,35,9,330,580000,1,0,0
1,1,0,0,23,9,693,758000,1,1,0
1,1,1,0,8,1,850,943000,2,1,2
2,2,0,1,10,12,1758,2018000,4,1,0
2,2,1,1,6,14,1336,1308000,2,2,1
1,1,0,1,11,4,280,349000,0,2,0
1,1,0,0,36,14,641,542000,1,0,2
2,3,0,1,1,31,1712,1526000,2,3,0
3,2,0,0,4,14,418,7e+05,1,1,2
2,2,1,1,1,22,664,967000,1,1,2
1,1,1,1,4,4,660,673000,1,0,2
1,1,1,1,9,0,481,621000,1,2,0
2,2,0,1,48,5,1028,1096000,2,0,1
2,2,0,1,21,5,491,546000,0,1,0
1,1,0,1,15,12,1348,1079000,2,1,1
1,2,0,1,8,18,413,695000,1,0,1
2,2,0,0,20,17,2253,3026000,7,0,1
1,1,1,0,6,13,523,584000,0,1,0
2,1,0,1,1,2,696,1130000,2,3,0
2,2,1,0,14,4,504,659000,1,2,0
1,2,1,0,10,10,651,678000,1,1,1
1,1,0,1,17,6,231,397000,0,0,1
1,1,1,1,3,23,377,627000,1,3,0
1,1,0,1,29,11,718,799000,1,1,1
0,1,0,0,3,18,336,381000,0,1,0
0,1,0,1,1,17,249,358000,1,1,0
1,1,1,1,23,2,414,532000,0,1,0
2,2,1,0,7,14,1409,1825000,3,2,1
1,1,1,1,15,7,953,833000,1,1,2
3,2,0,0,8,13,1368,1343000,2,3,1
1,1,0,0,18,9,832,850000,1,0,1
2,3,0,1,3,5,1429,1700000,3,1,0
1,1,0,0,5,11,871,841000,1,0,1
2,2,0,1,1,11,487,561000,1,0,0
2,1,0,0,13,5,1280,977000,1,1,1
1,1,1,1,31,1,518,663000,1,1,2
1,1,1,1,58,2,506,515000,0,3,0
2,2,0,1,6,33,705,867000,1,0,2
1,2,1,1,1,15,317,449000,0,1,0
1,1,0,0,15,3,464,379000,0,0,0
1,1,0,0,1,1,432,538000,1,3,0
1,2,0,0,5,13,844,640000,1,3,1
2,2,1,0,23,11,1428,2588000,7,1,1
2,2,1,1,4,6,748,1158000,2,1,0
2,2,0,1,4,23,567,668000,1,0,0
1,1,1,1,31,3,1423,1171000,1,0,1
0,1,0,0,41,11,331,440000,1,0,0
1,1,1,1,15,6,837,889000,2,0,0
1,1,0,1,24,5,628,842000,1,1,2
2,1,0,0,7,4,586,701000,1,1,1
1,1,0,0,1,9,613,801000,1,3,1
2,2,1,0,20,0,2627,2477000,5,0,0
1,1,1,0,11,19,407,496000,0,0,0
1,2,1,0,7,3,454,591000,1,0,2
2,2,0,1,1,8,681,728000,1,0,2
1,1,1,0,12,11,490,733000,1,1,1
1,2,1,0,6,10,449,422000,0,3,0
2,3,1,0,5,2,1082,1333000,3,1,0
2,2,0,0,10,2,611,1063000,2,1,1
1,1,0,1,23,2,269,441000,0,0,0
1,1,0,0,1,2,367,466000,0,0,2
2,2,0,1,15,22,598,612000,1,1,2
2,1,0,1,8,1,1569,1118000,2,1,0
1,1,0,0,2,4,291,414000,0,1,1
2,2,0,0,21,35,767,1008000,1,1,1
0,1,0,1,10,14,256,360000,0,1,0
2,2,1,1,0,1,679,773000,1,1,1
2,2,0,0,3,2,464,710000,1,3,1
2,2,0,1,22,19,559,774000,1,0,1
1,1,0,1,6,14,477,519000,1,3,0
3,3,0,0,3,2,1020,958000,1,0,1
1,1,1,1,2,6,570,868000,1,0,0
2,2,0,1,59,1,973,1141000,2,3,0
2,1,1,1,5,2,829,1198000,2,2,0
1,1,1,1,4,42,738,540000,1,0,0
2,2,1,1,44,8,469,622000,0,0,0
1,1,1,1,1,0,738,745000,1,1,1
1,1,0,1,4,1,394,543000,1,0,0
1,1,1,1,21,1,555,751000,1,1,2
2,2,0,0,34,16,1689,1382000,2,0,2
1,2,0,0,13,16,444,477000,0,1,0
0,1,0,1,8,1,445,448000,1,1,1
2,2,0,1,11,16,1738,1262000,1,1,1
1,1,0,1,33,2,597,646000,1,3,1
2,1,0,0,21,6,914,834000,1,2,1
2,2,0,1,16,11,681,694000,1,2,2
1,1,0,0,26,11,642,885000,1,2,1
2,3,1,0,15,13,1886,1421000,2,1,1
1,1,1,1,0,2,936,1154000,1,0,0
2,2,0,0,48,9,648,1120000,1,2,0
2,2,0,0,20,6,994,1304000,2,2,0
2,2,0,0,28,6,801,868000,2,2,2
1,1,1,0,8,37,617,721000,1,1,0
2,3,1,0,19,5,838,1217000,2,1,0
2,2,0,0,3,1,677,943000,1,0,0
1,1,0,1,4,20,543,610000,1,0,2
3,2,0,1,27,1,1393,1873000,2,0,1
2,2,0,1,16,18,1540,2e+06,3,1,1
2,2,1,1,47,14,1454,2028000,3,3,2
1,1,1,1,2,20,314,497000,0,2,0
3,2,0,0,1,5,1618,2702000,3,0,0
1,1,0,1,34,24,531,611000,1,0,1
2,2,0,1,8,10,1084,1540000,2,0,1
1,1,1,1,25,34,486,673000,1,3,0
2,2,1,0,29,9,630,761000,1,3,1
3,2,0,1,1,2,1422,1480000,2,0,1
2,2,1,1,7,3,1616,1886000,4,3,0
2,2,0,0,36,6,353,452000,0,2,0
2,2,0,0,2,5,1296,1319000,2,0,0
2,2,0,1,7,2,312,549000,0,0,1
2,2,1,0,5,21,1395,1541000,2,0,1
2,3,0,1,19,33,539,829000,1,2,2
1,2,1,0,5,15,603,703000,1,2,1
2,2,0,0,0,1,1503,1957000,2,2,0
1,1,0,1,3,8,448,517000,0,1,2
1,1,0,0,27,16,537,605000,1,2,2
2,2,0,0,25,4,631,844000,1,0,1
2,2,0,1,44,27,913,704000,1,0,2
3,2,0,1,19,1,2840,2095000,3,1,1
3,2,0,0,16,5,2103,2887000,6,0,1
2,3,0,0,12,2,346,553000,1,1,0
2,2,0,1,35,8,377,5e+05,0,2,0
2,2,0,0,32,2,1240,1402000,2,1,0
1,1,1,0,10,9,601,781000,1,2,0
1,1,1,1,12,0,586,580000,1,0,1
3,2,0,0,10,2,1289,1448000,2,2,2
1,1,1,1,16,9,648,637000,1,3,1
0,1,0,0,4,5,377,505000,1,1,2
1,2,0,0,31,4,795,902000,1,0,0
2,2,0,0,22,4,775,1e+06,1,0,1
1,1,0,1,2,27,324,401000,0,2,0
1,2,1,0,15,11,345,547000,0,0,1
2,3,0,1,10,4,544,936000,2,0,2
2,2,0,0,5,7,1031,1116000,1,1,2
2,1,0,1,3,3,666,699000,1,1,0
1,1,0,1,0,4,521,762000,1,3,1
3,2,0,1,19,17,1185,2223000,3,1,2
1,1,1,1,10,24,757,901000,1,0,0
1,2,0,1,8,8,720,759000,1,2,1
1,1,0,1,30,34,517,595000,1,1,1
3,2,0,1,0,1,1261,1567000,2,2,1
1,1,0,0,3,29,348,441000,0,0,1
2,2,0,0,43,1,434,482000,0,3,0
2,2,1,1,26,40,900,1353000,2,3,1
2,1,0,1,12,5,555,684000,1,3,1
2,2,0,0,10,20,1227,1222000,2,2,1
2,3,0,0,20,9,586,991000,1,0,1
2,2,0,1,36,2,610,828000,1,0,1
0,1,0,0,35,21,469,341000,0,1,0
3,2,0,0,30,1,2360,3258000,8,1,1
2,2,0,1,24,2,1396,1209000,2,3,2
1,1,0,0,17,8,298,424000,0,1,1
3,2,0,1,8,3,1537,1666000,4,0,2
2,2,0,0,16,36,504,902000,1,3,1
1,1,1,1,14,9,357,348000,0,0,0
2,3,1,1,0,11,2274,1923000,3,1,2
0,1,0,1,9,28,588,550000,1,1,1
1,1,0,1,19,2,901,931000,1,0,1
1,1,0,0,80,32,534,592000,1,0,1
1,1,0,0,12,1,458,622000,1,0,1
1,1,0,1,1,10,430,657000,0,1,1
2,2,1,0,17,9,1208,1162000,2,3,0
1,1,0,0,1,1,347,474000,0,0,0
1,1,0,0,12,6,479,567000,0,2,1
3,2,0,1,12,5,882,1234000,1,2,1
0,1,0,1,5,6,466,575000,0,1,1
2,2,1,1,3,13,1225,1181000,2,2,1
1,1,0,1,11,7,396,457000,0,0,1
1,1,1,1,8,6,629,852000,1,2,2
3,3,0,0,17,1,1431,1472000,2,1,2
1,1,1,0,5,8,373,408000,1,0,0
1,1,1,1,8,6,855,941000,2,1,0
0,1,0,1,3,6,266,426000,0,1,1
3,3,0,0,7,20,1287,1642000,2,3,1
2,2,0,1,1,1,1405,1448000,2,1,1
3,2,0,0,2,2,1929,2298000,4,2,0
1,1,0,0,40,0,586,893000,2,1,2
1,1,0,0,18,1,590,878000,1,2,1
2,2,0,0,2,65,966,1007000,2,2,1
0,1,0,0,1,1,411,498000,0,3,1
1,1,0,1,7,11,330,421000,1,0,1
1,1,1,1,20,10,558,658000,0,0,0
2,2,1,1,30,8,778,1289000,2,1,1
1,1,0,1,17,6,623,695000,1,1,2
1,1,0,0,22,2,1098,1101000,2,0,2
1,1,0,0,15,6,991,1044000,1,1,0
1,1,1,1,22,2,532,8e+05,1,0,1
1,1,0,1,12,4,495,616000,0,3,2
2,3,0,1,29,1,738,911000,1,0,1
1,1,0,0,4,5,410,516000,0,0,1
1,1,0,1,3,1,479,733000,1,0,1
2,3,1,1,3,27,825,967000,1,1,1
3,3,0,0,17,2,499,652000,1,0,1
1,1,0,1,22,4,482,639000,0,0,1
1,1,1,0,24,31,579,745000,1,2,1
1,1,0,0,17,1,259,411000,0,0,0
2,3,1,0,3,4,2746,2973000,4,1,1
1,1,0,0,12,8,650,761000,1,1,0
1,1,1,1,4,14,604,645000,1,1,1
1,1,1,0,86,3,843,568000,0,3,1
1,1,1,0,12,4,797,993000,1,1,0
1,2,0,1,0,20,506,562000,0,3,0
2,2,0,0,4,2,501,548000,1,1,0
1,1,0,0,17,11,476,640000,1,2,1
2,2,0,0,20,2,742,671000,1,2,0
1,1,1,1,1,5,409,487000,0,1,1
1,1,0,0,2,19,320,446000,0,0,2
2,2,0,1,3,1,605,667000,1,3,0
2,2,1,0,2,0,2540,1699000,3,1,2
1,1,1,1,28,11,667,1010000,1,0,1
1,1,0,0,34,64,373,449000,0,1,1
1,1,1,1,6,6,563,544000,0,2,1
1,1,1,1,21,44,520,731000,1,3,0
1,1,0,0,27,9,525,604000,0,3,1
1,1,0,0,16,5,694,665000,1,2,0
1,1,1,1,28,22,457,599000,1,3,2
1,1,1,1,16,5,838,750000,1,1,1
0,1,0,0,2,7,441,471000,0,3,1
3,2,0,1,44,2,534,542000,1,0,0
2,2,0,0,0,6,1957,2460000,3,1,0
1,1,0,1,2,6,350,531000,0,0,2
1,1,1,0,26,17,524,689000,1,3,2
1,1,1,0,11,13,517,597000,1,1,0
1,1,1,1,34,2,414,495000,0,1,1
1,1,1,1,31,3,539,860000,1,0,1
2,2,0,0,24,13,727,867000,1,3,0
2,2,0,1,16,7,917,727000,1,2,2
2,2,1,1,12,5,2471,2603000,4,3,2
1,1,0,0,1,11,961,955000,1,0,0
1,1,1,0,26,1,673,701000,0,1,2
1,1,0,1,32,0,333,466000,1,1,0
1,1,0,1,9,22,388,533000,1,1,1
2,2,1,0,19,7,1562,1935000,3,1,1
2,2,0,1,10,7,893,1306000,2,1,0
1,1,0,1,10,37,292,436000,0,0,0
1,1,1,1,5,9,682,646000,1,0,1
3,3,0,1,1,3,1529,1751000,3,1,1
1,1,1,1,6,15,805,538000,0,0,2
2,2,0,0,6,1,508,657000,1,3,0
1,1,0,1,10,6,840,779000,1,2,1
1,1,1,1,7,9,368,489000,1,0,0
0,1,0,0,11,7,527,542000,1,0,2
2,3,1,1,2,2,2068,2415000,4,0,1
1,1,0,0,10,5,402,466000,0,3,0
2,1,0,0,2,8,1023,960000,1,1,0
1,1,1,0,20,0,712,693000,1,2,1
1,1,1,0,14,6,529,659000,0,0,1
2,2,0,1,8,5,681,1032000,2,0,1
1,2,0,1,23,3,811,857000,2,1,1
1,1,0,0,25,22,426,559000,0,0,1
1,1,1,1,21,19,672,578000,0,2,1
1,1,1,1,25,12,619,628000,2,0,2
1,1,1,1,4,2,469,577000,1,2,2
1,1,0,1,5,5,279,415000,0,0,1
2,3,0,0,3,5,1382,848000,1,2,2
1,1,0,1,3,0,442,581000,1,0,1
1,1,1,1,10,1,616,555000,1,0,0
1,1,0,0,2,15,654,7e+05,1,0,1
2,2,1,1,9,6,1106,1267000,2,1,2
1,1,0,1,3,19,642,802000,1,3,1
3,3,0,0,50,2,657,613000,1,1,0
1,1,1,1,6,12,538,708000,1,2,1
2,2,0,1,6,13,1536,1512000,3,0,2
1,2,0,0,5,13,761,787000,0,0,1
0,1,0,0,35,4,334,429000,0,2,1
0,1,0,1,7,1,401,533000,0,3,1
1,1,1,0,32,5,330,429000,1,0,0
2,3,1,0,13,3,728,1175000,1,1,2
1,1,1,1,32,8,543,694000,1,0,0
1,1,1,1,31,3,914,1289000,3,0,1
0,1,0,0,3,9,487,412000,0,2,0
1,1,0,1,2,12,434,630000,1,0,2
1,1,1,1,4,3,528,510000,0,3,1
2,3,0,0,2,4,1234,1307000,2,0,1
0,1,0,1,6,10,430,533000,1,2,2
1,1,1,0,2,6,382,471000,0,2,0
1,1,1,0,6,5,568,841000,1,1,2
1,1,0,1,3,2,634,569000,0,1,1
1,1,1,1,2,4,536,721000,1,0,2
1,1,0,1,8,11,594,680000,0,3,0
2,2,0,1,8,4,405,790000,1,1,0
1,1,1,0,3,0,438,472000,0,3,0
1,1,0,0,29,8,408,597000,1,0,1
2,2,1,1,14,8,1729,1467000,1,0,0
1,1,1,0,9,3,681,766000,1,2,1
1,1,1,1,18,0,1235,1121000,1,2,2
0,1,0,1,10,24,293,395000,0,2,0
1,1,1,0,15,22,454,784000,1,1,1
1,1,0,1,23,1,311,466000,0,2,1
2,2,0,1,10,1,643,825000,1,0,2
2,2,0,1,1,3,571,666000,1,2,1
2,2,0,1,3,11,778,1252000,2,0,1
1,1,0,0,20,24,410,528000,0,3,0
1,1,1,0,3,18,516,610000,1,1,0
1,1,1,1,5,1,589,483000,0,2,1
2,2,0,0,5,11,1269,1773000,3,1,0
1,1,0,1,14,1,325,422000,0,0,1
2,2,0,1,30,1,546,639000,1,1,0
3,2,0,0,3,5,1094,1758000,2,1,1
1,1,0,0,1,1,517,661000,1,3,2
1,1,1,1,74,2,501,550000,0,1,1
2,2,0,1,1,22,548,629000,1,0,0
0,1,0,1,17,1,377,524000,1,2,0
3,2,0,0,2,3,484,654000,1,1,1
1,1,1,0,26,4,398,563000,1,0,1
1,1,0,1,2,27,272,395000,0,1,0
1,1,1,0,1,11,1277,940000,2,1,1
1,1,0,1,29,11,403,416000,0,3,0
1,1,0,0,5,6,418,503000,0,1,1
0,1,0,0,2,5,439,538000,1,1,1
2,3,0,0,22,15,584,528000,1,0,1
3,3,0,0,21,10,526,735000,1,1,0
2,3,1,1,9,0,961,1139000,2,1,0
2,2,0,1,3,16,507,646000,1,3,0
0,1,0,1,21,8,438,459000,1,0,1
2,2,0,1,17,2,646,944000,1,2,1
2,2,0,1,13,12,610,679000,1,3,0
1,1,0,1,3,2,704,798000,1,2,1
1,1,1,1,1,1,430,685000,1,3,0
2,3,0,0,3,5,2082,3010000,8,0,0
1,2,0,0,5,20,468,482000,1,1,1
1,1,0,1,2,1,674,670000,1,1,2
1,1,1,0,3,1,998,779000,1,0,1
2,2,1,1,35,6,855,799000,1,3,1
1,1,0,1,12,7,796,1178000,3,0,2
3,2,0,0,13,8,644,618000,1,2,1
1,1,0,1,2,1,398,528000,1,2,2
2,2,0,1,19,19,1478,1663000,3,2,1
2,1,1,0,11,11,384,583000,1,0,0
3,3,0,0,7,4,1299,736000,1,0,0
1,2,0,0,41,14,813,6e+05,1,0,0
2,2,1,0,25,14,1945,2785000,3,1,0
0,1,0,0,2,26,302,381000,0,2,0
0,1,0,1,30,4,532,568000,0,1,2
2,3,0,0,34,4,464,534000,1,0,1
1,1,1,0,3,7,718,578000,1,3,0
2,1,0,0,3,19,479,663000,1,2,2
2,2,1,0,3,22,861,1238000,2,2,1
3,3,0,1,25,11,2959,3411000,6,1,1
3,2,0,1,45,0,875,1295000,2,1,0
1,1,0,1,9,0,434,487000,0,1,1
1,1,1,0,14,16,702,758000,0,2,1
2,1,0,1,5,4,1173,1341000,3,0,1
1,1,1,1,8,18,1072,722000,1,0,2
2,2,0,1,31,20,568,824000,1,0,1
2,2,0,0,17,21,1496,2117000,3,0,0
2,2,0,0,15,14,1610,1825000,3,1,1
2,2,1,1,0,6,1086,1532000,2,2,0
0,1,0,0,17,1,317,501000,1,0,1
1,1,0,1,29,21,300,405000,1,2,1
1,1,0,1,3,20,853,766000,1,0,1
2,3,0,1,17,30,494,596000,1,2,0
1,1,1,1,3,1,465,659000,1,0,1
2,1,1,1,33,4,1362,1487000,2,3,1
2,2,0,1,2,4,1032,1104000,2,0,1
2,3,0,0,1,13,1734,1157000,2,1,1
2,2,0,1,26,8,560,820000,1,1,2
1,1,1,0,15,14,692,703000,1,1,1
1,1,1,1,25,3,545,623000,0,3,1
1,1,0,0,16,12,565,1046000,2,0,1
2,2,1,1,16,5,1635,2071000,3,1,1
1,1,0,1,6,53,428,495000,1,1,1
2,3,0,0,13,4,1750,1544000,2,0,2
2,3,1,0,22,14,1652,2064000,2,1,1
0,1,0,1,29,5,255,347000,0,0,0
1,1,0,1,5,2,682,632000,1,1,0
2,2,1,1,30,0,1061,1213000,2,0,1
2,2,0,0,17,10,4398,3917000,6,2,1
1,1,0,0,11,2,666,458000,0,3,1
1,1,0,0,13,1,542,718000,0,3,0
1,1,0,1,13,8,643,654000,1,2,1
3,2,0,1,11,4,1314,1886000,4,1,1
2,1,0,1,7,2,519,735000,1,2,1
1,1,1,1,14,0,500,581000,0,0,2
1,1,0,1,4,2,522,721000,1,1,0
1,1,0,0,5,4,978,719000,1,0,1
1,1,0,1,0,15,333,358000,0,2,0
1,1,1,1,6,6,437,588000,1,3,0
1,1,0,1,36,15,348,530000,1,0,2
1,2,0,1,1,11,753,725000,1,1,2
1,1,1,1,8,45,605,993000,1,1,2
1,1,0,1,51,4,384,555000,0,0,2
1,1,1,0,5,5,515,494000,0,0,0
1,1,0,0,8,1,233,325000,0,3,0
1,1,1,1,2,2,771,773000,1,1,2
2,2,0,0,6,2,891,1436000,2,0,1
1,1,0,0,3,6,698,544000,0,0,1
2,2,0,1,8,5,548,641000,1,0,2
1,1,0,1,15,8,668,1040000,1,0,1
2,3,0,1,2,7,986,1048000,2,2,2
3,2,0,1,0,10,1177,1399000,2,1,2
3,2,0,0,2,5,1125,1361000,2,3,0
3,2,1,0,28,4,3399,2854000,4,3,0
1,1,0,0,35,11,566,639000,1,2,1
1,1,0,1,17,0,476,608000,1,1,1
2,3,0,1,9,15,776,858000,1,0,1
2,2,1,1,8,2,619,856000,1,0,1
1,1,0,0,2,6,334,405000,0,1,0
1,2,1,1,11,24,595,801000,1,1,2
1,1,0,0,31,3,705,712000,1,0,0
3,2,0,1,14,9,995,1539000,2,0,0
2,2,0,1,15,0,1016,1221000,2,0,0
2,2,1,0,6,8,1692,2957000,6,0,2
2,2,0,1,7,8,944,1222000,2,0,0
3,2,0,1,14,3,2645,2812000,6,0,0
2,2,1,1,1,7,3091,3906000,7,0,1
2,2,0,0,3,1,459,649000,1,0,0
1,1,0,1,6,2,443,754000,1,0,1
1,1,1,0,38,22,750,1058000,1,2,1
1,1,1,1,16,1,904,860000,1,0,2
1,1,0,1,26,34,286,372000,0,0,0
2,2,1,1,7,2,503,671000,1,1,1
2,2,0,0,3,4,590,786000,1,0,0
1,1,1,1,31,4,314,557000,0,1,1
3,2,0,1,18,25,2714,3159000,7,0,2
3,2,1,0,19,29,1626,1593000,2,2,0
1,1,0,1,3,12,335,457000,0,2,1
1,2,1,0,19,6,347,619000,1,3,0
1,1,0,1,11,16,295,346000,0,3,0
1,1,1,0,0,13,655,519000,0,0,1
3,2,0,0,0,6,2695,3375000,8,2,1
1,1,0,0,20,6,313,479000,0,0,1
1,1,1,1,0,23,544,801000,1,2,1
2,2,0,1,10,13,613,554000,1,1,1
2,2,0,1,1,1,355,481000,0,3,0
1,2,0,1,8,5,640,893000,1,0,1
2,2,0,1,7,0,447,587000,0,0,1
1,1,0,1,35,0,837,743000,1,1,1
1,1,1,0,4,16,527,592000,1,3,0
0,1,0,1,4,8,286,329000,0,0,0
2,3,0,0,18,8,935,687000,1,1,1
1,1,0,1,15,0,622,615000,1,3,1
2,2,0,1,11,19,1635,1798000,2,1,0
2,2,0,0,38,13,475,686000,1,3,1
2,1,0,1,3,2,867,1200000,1,2,1
2,1,0,0,13,11,1242,1227000,1,0,1
1,1,0,0,1,7,300,462000,1,3,0
2,1,0,1,5,7,778,715000,1,0,0
2,2,0,0,42,1,2159,3330000,4,1,2
1,1,1,0,7,6,478,579000,1,1,1
1,1,1,1,74,5,590,568000,0,3,1
1,1,0,1,16,7,634,754000,1,0,1
1,1,1,1,19,20,628,642000,1,2,1
0,1,0,0,16,1,501,483000,1,3,1
1,1,1,0,13,0,466,596000,1,1,1
1,1,1,0,13,3,416,532000,0,3,0
1,1,0,1,12,2,489,631000,0,3,1
2,1,0,1,1,0,454,565000,1,0,0
0,1,0,1,28,13,324,499000,0,2,2
1,1,1,1,19,8,422,5e+05,1,3,1
2,2,0,1,16,12,864,1007000,2,1,1
2,2,0,1,29,34,1409,1729000,3,1,2
2,2,0,1,2,1,1027,1051000,1,3,0
1,1,0,1,11,8,657,890000,1,0,1
1,1,1,0,24,6,746,784000,1,0,1
1,1,1,1,11,2,681,849000,1,3,0
2,2,0,1,19,2,1491,1581000,1,0,0
1,1,0,0,6,4,307,505000,1,1,1
1,1,1,1,19,33,780,802000,1,2,0
1,1,1,1,16,20,435,649000,1,1,1
1,1,0,1,6,4,374,456000,0,0,0
3,3,0,1,3,5,1574,2144000,4,0,1
2,2,1,0,17,5,2070,2773000,4,0,0
1,2,0,1,3,13,798,597000,1,0,1
1,1,0,1,3,21,515,574000,0,0,1
1,2,0,1,12,3,705,833000,1,2,1
1,1,0,1,3,9,1653,926000,1,2,0
2,2,1,0,44,13,2103,2656000,5,3,1
2,2,0,0,45,20,351,592000,1,2,0
3,3,0,1,1,39,1438,1562000,1,3,1
3,2,0,1,5,9,2254,3667000,7,1,1
1,1,0,0,23,69,552,575000,1,0,1
3,2,0,1,7,4,1514,1950000,2,0,0
1,1,1,1,57,2,520,729000,1,3,1
0,1,0,1,1,9,296,355000,0,1,1
1,1,1,1,21,2,605,618000,1,1,0
1,1,0,1,9,5,464,707000,1,1,0
2,2,1,0,2,1,1806,1230000,3,2,1
1,1,1,0,2,3,564,559000,1,2,1
2,2,0,0,3,13,435,567000,0,2,1
2,2,0,0,25,2,2153,1808000,2,2,1
1,1,0,1,21,13,807,708000,1,2,1
0,1,0,0,39,13,441,372000,0,2,0
2,2,1,1,4,6,2217,1931000,4,0,1
1,1,0,0,0,31,338,482000,1,0,1
2,2,0,0,0,4,1074,1161000,2,1,2
2,2,0,1,9,1,541,522000,0,1,0
2,2,0,0,41,10,568,637000,0,3,1
1,1,0,0,8,6,621,533000,0,3,0
2,2,0,1,16,5,1052,1379000,2,1,1
1,1,0,1,2,4,441,408000,0,0,0
2,2,1,1,3,1,604,693000,1,3,0
1,1,1,1,20,0,524,771000,1,2,2
1,1,0,1,2,2,512,609000,1,0,1
3,2,0,1,8,9,1433,1289000,2,0,0
0,1,0,1,34,35,252,364000,0,2,1
1,1,0,1,4,6,527,551000,1,2,1
2,1,0,1,26,36,467,607000,1,3,0
1,1,1,1,3,7,722,790000,1,2,1
1,1,0,0,67,2,461,636000,1,0,1
1,1,1,1,8,7,614,704000,1,0,1
1,1,0,1,11,20,287,542000,0,0,1
2,2,1,0,11,3,1748,1703000,2,0,1
2,2,0,1,32,7,1264,1187000,1,0,2
2,2,1,1,15,8,1562,1896000,3,1,2
1,1,1,0,6,13,674,863000,1,0,2
1,1,0,1,15,13,453,475000,0,1,0
1,1,1,1,33,2,366,582000,1,0,1
1,1,1,1,5,36,1053,950000,1,3,2
1,1,1,0,12,0,479,652000,1,0,2
2,2,1,0,10,7,678,882000,1,2,1
1,1,0,1,4,10,781,971000,2,1,2
1,1,1,0,19,3,497,662000,1,3,1
1,1,1,1,5,24,754,978000,1,0,2
2,3,0,1,1,12,1049,1298000,2,1,1
1,1,1,0,3,1,485,406000,0,1,0
1,1,1,1,2,2,437,555000,0,0,1
1,1,1,1,2,5,660,850000,1,3,1
1,1,0,1,20,5,995,892000,1,0,2
1,1,0,0,3,7,314,490000,0,2,1
1,1,0,0,29,1,1020,990000,1,1,1
1,1,1,1,2,1,393,565000,0,2,0
2,2,0,1,7,44,599,852000,1,1,0
1,1,0,0,8,3,447,577000,1,0,0
1,1,0,1,5,3,324,484000,0,0,1
2,2,1,1,24,5,1924,2472000,6,0,0
2,2,0,0,27,21,401,592000,1,0,0
1,1,1,1,23,9,620,874000,1,1,2
1,1,1,1,11,13,453,744000,1,0,0
2,3,0,1,42,15,1062,1199000,2,1,2
0,1,0,1,1,2,460,532000,1,2,1
1,1,0,1,9,21,662,992000,1,3,1
1,1,0,1,3,40,411,436000,1,0,1
2,2,0,0,2,5,471,706000,1,3,2
1,1,1,1,30,1,502,622000,1,0,2
1,1,0,0,27,23,524,925000,1,0,1
2,2,0,0,17,3,786,1035000,1,0,1
1,1,0,0,12,15,210,340000,0,2,0
2,2,0,1,0,2,576,549000,1,1,1
2,2,0,1,36,13,1002,910000,2,3,1
2,2,0,1,2,2,1276,1431000,2,3,1
3,2,0,1,12,6,3610,4349000,7,0,2
1,1,1,0,27,4,445,675000,1,0,1
2,2,0,0,12,19,1607,2093000,4,3,1
1,1,0,1,8,1,403,443000,0,3,1
3,3,0,0,14,32,659,772000,1,1,2
1,1,1,1,10,5,518,563000,1,0,1
2,2,0,0,31,6,966,806000,1,2,0
2,2,0,1,25,29,1520,1290000,2,0,2
2,2,0,0,8,1,598,988000,2,0,1
1,1,0,0,1,12,544,666000,0,1,2
1,1,1,1,1,3,492,619000,0,2,1
1,1,0,1,9,14,575,875000,2,2,0
2,2,0,1,26,28,1761,1525000,2,0,2
1,1,0,1,36,20,838,854000,1,1,0
1,1,0,1,19,3,331,502000,0,0,2
3,2,0,0,25,7,1286,1532000,2,0,0
1,1,1,0,6,7,463,774000,1,0,2
2,2,0,1,6,15,859,1055000,1,2,0
1,1,0,0,5,0,278,359000,0,1,0
1,1,0,0,16,15,289,328000,0,0,0
2,1,1,1,2,16,652,785000,1,1,0
1,1,0,1,4,16,343,487000,1,0,1
1,1,0,0,0,14,1251,965000,1,3,2
2,2,1,0,9,5,833,1003000,2,2,0
2,2,0,1,30,3,1602,1443000,3,1,0
2,2,0,1,8,3,902,1117000,2,1,0
1,1,0,1,5,14,469,640000,1,3,2
2,1,0,1,1,9,662,922000,1,2,1
1,1,0,0,3,7,386,602000,1,2,1
2,2,1,0,13,3,1163,1410000,2,0,1
1,1,1,0,30,11,525,531000,1,0,1
2,2,0,0,16,1,886,1457000,2,3,0
1,1,1,1,25,2,610,716000,1,0,1
2,2,0,1,0,26,1435,1507000,2,0,1
2,2,0,1,3,6,305,470000,0,0,0
2,2,1,1,2,0,768,1481000,4,2,2
1,1,1,1,13,8,674,856000,1,0,1
1,1,1,1,9,12,556,738000,1,0,1
2,2,0,0,10,4,668,883000,1,0,1
1,1,0,0,4,3,377,656000,1,1,0
1,1,1,0,6,31,499,654000,1,3,2
2,2,0,0,6,29,1841,2256000,4,1,0
1,2,0,1,28,5,500,619000,0,0,1
2,3,0,1,13,2,435,568000,0,0,0
0,1,0,1,2,7,536,546000,0,0,1
1,1,1,1,9,9,495,727000,1,0,1
1,1,0,1,10,2,395,611000,0,2,0
1,1,1,0,39,0,283,386000,0,3,0
1,1,0,1,0,26,917,632000,1,0,1
1,1,1,1,9,9,446,576000,0,2,2
2,2,1,1,5,5,2697,1839000,3,1,1
1,1,0,1,68,10,630,678000,1,0,1
1,1,0,0,1,35,510,668000,1,3,1
0,1,0,1,42,17,430,380000,0,2,0
2,2,1,0,44,9,731,801000,1,1,1
2,2,0,0,13,13,913,1115000,2,1,1
1,1,1,1,5,7,859,976000,2,2,1
1,1,1,0,26,9,435,610000,1,0,0
1,1,0,0,15,1,398,329000,0,0,0
2,3,0,1,10,3,606,760000,1,3,1
2,2,0,0,5,25,1021,1381000,3,2,1
1,1,0,1,2,4,493,730000,1,0,1
1,1,1,0,17,1,600,787000,1,1,1
1,1,1,1,5,5,293,391000,0,0,0
2,3,0,1,52,1,1885,2313000,6,2,0
1,1,0,1,5,21,425,523000,0,1,1
1,1,1,1,11,2,357,485000,1,1,1
1,1,0,1,15,5,350,516000,1,3,1
1,1,1,1,6,5,458,709000,1,0,1
2,2,0,1,18,14,873,1197000,2,1,1
1,1,0,0,20,4,455,468000,0,3,1
1,1,1,1,16,15,472,609000,1,1,1
2,2,0,0,17,3,654,833000,1,0,0
1,1,0,1,3,26,415,475000,0,2,0
2,2,0,1,6,0,1460,1754000,3,3,0
2,2,0,1,4,1,1345,1512000,2,2,0
2,2,1,0,27,0,980,844000,1,1,2
2,2,1,1,3,11,654,829000,1,0,1
1,1,0,1,25,3,425,398000,1,1,0
1,1,0,0,14,19,591,828000,1,3,1
1,1,1,0,12,15,532,501000,1,3,1
1,1,0,1,89,6,333,385000,0,0,0
1,1,0,1,18,1,352,465000,0,3,0
1,1,0,1,7,20,497,637000,1,1,2
1,1,1,0,5,2,423,617000,1,1,1
2,2,0,1,2,6,632,672000,1,0,1
3,2,0,0,6,4,436,703000,1,0,1
1,1,0,0,23,65,331,481000,1,0,2
1,1,1,1,6,2,426,459000,0,3,0
0,1,0,1,10,5,418,568000,0,3,1
2,2,1,0,7,5,1051,991000,1,0,1
1,2,0,0,9,10,689,629000,0,2,1
1,2,1,1,19,8,366,534000,0,1,0
1,2,1,0,24,15,643,591000,1,3,1
2,2,1,0,27,14,2183,2768000,4,0,2
1,1,1,1,10,14,531,686000,1,0,1
1,1,0,0,2,12,487,704000,0,0,1
1,1,1,0,10,6,771,1003000,1,1,1
1,1,1,0,7,7,280,406000,1,0,0
2,2,0,0,4,6,895,731000,1,0,0
2,2,0,1,7,5,1580,1606000,2,0,0
2,2,0,0,13,5,1040,1144000,2,3,1
2,2,1,0,6,15,400,709000,0,2,0
1,1,1,0,11,11,729,621000,1,2,1
2,1,0,0,5,1,493,631000,1,3,0
2,2,0,0,1,10,299,464000,0,0,0
1,1,0,1,9,2,486,470000,0,2,1
3,2,0,1,46,0,686,909000,1,0,0
2,2,0,1,14,15,2108,2475000,3,1,2
1,1,1,1,0,15,735,679000,1,0,1
2,2,0,0,14,5,741,1124000,1,0,2
1,1,0,1,5,2,562,590000,0,0,0
2,2,0,1,4,13,404,544000,1,0,0
3,3,0,1,63,1,659,1089000,1,0,0
2,2,0,0,36,1,399,444000,0,0,0
3,2,0,0,7,0,544,641000,1,3,0
1,1,1,1,0,5,585,657000,1,3,2
3,2,0,1,6,10,4076,4227000,8,3,1
1,1,0,1,6,11,389,532000,1,0,2
1,1,1,1,16,10,532,709000,1,0,0
1,1,1,1,3,3,746,625000,1,0,0
0,1,0,1,8,23,357,577000,0,1,2
1,1,0,1,8,5,341,473000,1,1,2
1,1,1,1,16,17,440,668000,1,1,0
1,1,0,0,28,2,401,516000,1,0,0
1,1,0,1,29,12,408,386000,0,1,0
1,1,0,1,17,20,407,382000,0,0,0
1,1,1,1,62,11,872,1134000,1,1,2
1,1,0,1,18,12,405,581000,1,2,2
1,1,0,0,22,3,844,631000,1,0,0
1,1,1,0,5,4,473,677000,1,3,2
2,2,0,1,4,0,1490,1930000,3,0,1
1,1,0,1,7,8,529,566000,1,0,2
1,2,1,0,26,7,434,618000,0,3,1
1,1,1,0,1,2,344,626000,0,0,1
2,2,0,1,6,10,915,1383000,3,1,1
1,1,0,0,5,1,410,526000,0,1,1
1,1,1,1,1,9,660,856000,1,2,1
3,2,0,0,16,18,2504,3371000,5,0,1
1,1,1,0,7,3,391,445000,0,1,0
1,1,0,0,1,0,577,722000,1,3,1
1,1,0,1,28,3,502,438000,0,0,1
3,2,0,0,27,3,2303,3720000,7,1,2
2,2,0,0,6,11,2100,2006000,3,3,0
1,1,1,1,6,11,551,736000,1,0,1
1,1,1,1,7,23,1009,1204000,1,1,1
1,1,0,1,46,0,255,445000,0,0,0
1,1,0,0,7,4,435,570000,1,1,1
1,1,0,1,2,4,401,502000,0,3,0
0,1,0,0,59,0,310,408000,0,0,0
1,1,1,0,2,0,392,650000,1,0,1
1,1,1,1,7,32,1424,763000,1,0,1
2,2,1,1,5,4,1164,1276000,2,0,0
1,1,0,1,5,2,380,323000,0,0,0
2,2,0,1,4,2,733,854000,1,0,0
1,1,1,0,18,16,586,681000,1,1,0
0,1,0,1,27,1,315,461000,0,1,1
1,1,0,1,4,1,612,619000,1,1,1
2,3,0,0,37,6,366,644000,1,0,0
1,1,0,1,22,5,521,404000,0,0,1
2,3,0,0,3,12,548,425000,0,0,0
1,1,0,1,18,17,363,578000,1,1,2
3,3,0,0,4,4,545,659000,1,0,1
3,2,0,1,21,6,819,997000,2,1,0
2,2,0,0,28,9,846,1030000,1,0,1
3,3,0,0,1,4,661,1099000,1,1,1
2,3,0,0,8,28,439,426000,0,0,0
0,1,0,1,1,0,349,423000,1,1,0
2,2,0,1,2,11,732,912000,1,3,1
2,2,0,0,66,9,455,588000,1,3,1
3,3,0,1,18,9,1196,1707000,2,3,1
1,1,1,0,4,1,347,564000,1,0,0
2,3,1,1,12,0,514,699000,1,0,1
1,1,1,1,9,3,472,634000,1,1,1
1,1,1,0,4,5,404,425000,0,0,0
1,1,1,1,3,7,508,619000,1,1,1
1,2,1,1,6,2,451,671000,1,0,1
1,1,0,1,9,2,603,535000,0,1,0
2,2,0,0,53,15,1165,1537000,4,1,1
2,2,1,0,11,2,1221,1656000,3,1,1
3,3,0,1,13,11,2094,2978000,4,1,1
2,2,1,1,1,1,1680,1272000,2,0,2
2,2,1,1,16,9,407,742000,1,1,1
1,1,1,0,20,6,746,694000,1,2,2
2,3,0,0,4,19,561,803000,1,0,0
3,2,0,1,35,4,1735,2392000,4,1,2
2,2,0,1,10,18,1334,1546000,3,0,0
1,1,1,0,7,15,488,481000,0,0,0
1,2,1,1,7,7,599,667000,1,2,1
2,2,0,0,13,2,609,740000,1,2,1
1,1,1,1,14,9,413,623000,1,0,0
3,3,0,1,16,3,749,978000,1,3,0
1,1,1,1,9,8,635,867000,1,2,1
1,1,1,0,16,3,558,845000,1,0,1
1,2,0,1,9,15,366,504000,1,1,1
2,3,1,1,5,15,725,908000,1,2,1
1,1,1,1,13,9,552,495000,0,1,1
1,1,1,0,8,15,347,588000,0,0,1
2,1,0,1,27,7,1942,1846000,4,0,1
2,2,0,0,9,4,906,930000,2,0,1
3,2,0,0,9,8,709,1049000,2,3,1
2,2,0,1,3,2,5395,3820000,5,1,2
1,1,1,1,16,8,516,661000,1,0,2
2,2,0,1,8,9,1703,1919000,3,0,0
2,2,0,1,4,4,2288,3478000,7,0,1
1,1,1,0,1,31,1273,1304000,2,3,1
1,1,0,1,16,2,781,623000,1,0,0
2,3,1,0,28,1,2634,3705000,5,0,0
1,1,0,0,25,1,1000,1298000,2,3,1
1,1,0,1,1,4,601,467000,0,0,1
2,2,0,0,12,4,458,778000,1,0,2
0,1,0,0,3,6,347,520000,0,0,1
1,1,1,1,20,10,848,960000,1,1,0
1,1,0,0,12,19,509,785000,1,1,1
1,1,0,1,24,21,453,561000,0,1,2
1,1,1,0,3,11,267,429000,0,1,0
2,2,0,1,5,9,1133,1376000,2,1,1
0,1,0,0,23,0,406,488000,0,1,0
3,2,0,0,3,4,627,810000,2,3,0
2,2,1,0,8,6,1039,1131000,1,0,1
1,2,1,1,1,8,822,930000,1,0,1
1,1,0,0,12,6,306,389000,0,2,0
2,2,1,0,7,6,1244,1441000,2,2,1
2,2,0,0,1,20,1456,1610000,3,2,2
1,2,0,0,20,3,418,490000,0,0,1
2,2,0,0,59,5,569,898000,1,0,1
2,2,0,1,13,22,599,537000,0,0,0
1,1,1,1,19,32,441,711000,1,3,0
0,1,0,1,6,28,381,390000,0,0,0
1,1,1,1,12,4,548,527000,1,0,0
3,3,0,0,13,2,532,910000,1,0,1
1,1,1,1,12,2,415,540000,0,0,1
1,1,1,0,16,0,455,516000,0,0,1
2,2,1,0,36,0,1048,1191000,1,2,0
1,1,0,1,15,4,477,665000,1,1,0
1,1,1,1,39,17,491,559000,0,3,2
1,1,0,1,9,11,365,572000,1,2,1
1,1,1,0,7,15,438,589000,1,0,2
1,2,1,1,32,1,755,980000,2,3,1
1,1,0,1,33,14,514,765000,1,3,0
2,2,0,1,5,21,1202,1810000,3,0,1
1,1,0,1,5,17,357,612000,1,1,0
1,1,1,1,2,3,497,897000,1,0,2
1,1,1,0,16,1,589,779000,2,1,0
1,1,1,0,11,6,450,524000,0,1,1
1,1,0,1,10,13,502,557000,0,3,2
2,2,1,1,4,17,998,1259000,1,1,1
1,1,0,1,29,0,599,504000,0,1,0
2,2,1,0,21,1,1387,1744000,2,3,1
1,1,0,1,33,3,481,670000,1,2,2
1,2,1,0,43,2,1047,737000,1,1,2
1,1,0,0,6,2,578,740000,1,0,2
2,2,0,1,17,37,876,1193000,1,0,2
1,1,0,0,38,8,431,523000,0,0,2
0,1,0,1,7,34,340,512000,0,0,1
1,1,1,1,7,4,419,558000,0,0,0
1,1,0,1,2,1,576,590000,1,1,0
1,1,0,0,1,37,431,561000,0,1,1
2,2,0,0,12,2,1115,1610000,2,0,1
1,1,1,1,12,2,562,805000,1,0,1
1,1,1,0,7,6,731,681000,1,0,0
1,1,0,0,9,2,281,406000,0,1,0
2,2,0,1,11,15,739,1158000,3,1,0
1,2,0,0,10,13,348,489000,1,1,2
1,1,0,0,27,9,463,573000,0,0,1
1,1,0,1,18,11,605,464000,1,0,1
1,1,0,0,3,24,465,526000,1,1,0
3,2,1,1,1,5,1610,2882000,6,1,0
1,1,0,1,8,1,350,428000,0,1,1
1,1,0,0,61,15,655,834000,2,0,0
0,1,0,0,0,16,355,445000,0,1,2
2,2,1,0,1,12,3263,4438000,8,2,1
1,2,1,0,42,0,371,484000,1,2,0
1,1,1,1,12,0,476,679000,2,1,2
1,1,0,1,14,35,296,397000,0,0,0
1,1,1,1,1,1,559,1042000,1,1,1
2,1,0,0,2,6,482,615000,1,0,0
2,3,1,1,19,3,445,712000,1,2,0
1,1,0,1,24,23,686,508000,0,1,0
2,2,0,0,9,12,862,890000,1,0,1
3,2,0,1,7,10,685,916000,2,3,0
1,1,0,0,3,0,832,964000,1,0,1
1,1,0,1,3,3,606,612000,1,2,2
0,1,0,0,10,17,415,508000,0,0,1
2,1,0,1,14,1,581,797000,1,2,1
1,1,0,1,17,15,607,485000,1,0,0
2,2,1,1,7,1,889,904000,2,0,1
1,1,0,1,2,3,399,505000,1,3,1
1,1,0,0,2,16,687,906000,1,0,1
1,1,1,1,14,1,483,543000,1,1,2
2,3,0,0,4,7,562,726000,1,0,0
1,1,0,1,3,1,419,555000,1,1,0
1,1,0,1,14,7,565,462000,0,3,1
1,1,0,1,10,20,717,674000,1,3,1
1,1,0,1,13,22,387,427000,0,1,0
1,2,0,0,39,4,357,477000,1,0,0
1,1,0,1,3,5,746,716000,1,0,1
1,1,1,1,3,22,680,783000,1,2,0
2,1,0,1,10,25,702,743000,1,2,1
1,1,1,1,3,0,461,649000,1,2,1
1,1,1,1,27,6,692,656000,1,0,1
1,1,0,1,12,19,268,437000,0,2,1
1,1,0,1,1,1,409,430000,0,0,0
2,2,0,1,5,1,960,946000,1,0,1
1,1,1,0,4,5,353,378000,0,1,0
3,2,0,1,5,14,787,808000,1,1,0
1,1,1,0,1,20,479,722000,1,0,0
2,2,0,1,29,1,1060,963000,2,1,0
1,1,0,1,3,2,358,601000,0,3,0
1,1,0,0,24,23,1479,871000,1,0,0
1,1,1,0,6,26,885,669000,1,3,0
0,1,0,0,7,2,621,571000,1,3,1
1,1,1,1,2,19,568,420000,0,3,0
2,2,0,0,6,18,564,618000,1,3,1
1,1,0,0,1,19,679,931000,1,1,2
1,1,1,0,28,15,533,576000,0,0,1
3,3,1,1,37,1,1889,2033000,3,3,0
2,2,0,0,8,1,1735,1537000,3,0,1
1,2,1,1,2,9,373,560000,1,1,1
1,1,1,1,2,0,340,436000,0,0,0
1,1,0,0,0,4,540,569000,0,3,1
2,2,0,1,34,9,628,887000,1,1,1
2,2,0,1,17,5,798,961000,2,2,1
1,1,0,1,10,1,364,599000,1,1,2
1,1,0,0,7,0,333,422000,0,1,0
2,2,1,1,2,8,879,739000,1,3,2
2,2,1,1,3,28,1074,1308000,3,1,0
2,2,0,0,8,9,436,669000,1,3,0
3,2,0,0,30,9,758,939000,1,3,0
3,2,0,0,2,1,1367,1162000,1,0,1
0,1,0,1,40,9,778,636000,1,0,1
1,2,1,1,84,15,712,871000,1,1,1
1,1,1,1,17,38,254,457000,0,0,0
1,1,0,0,9,7,522,535000,1,3,0
1,2,1,0,12,6,412,521000,1,1,0
2,2,0,1,19,3,994,1314000,2,2,1
1,1,0,0,0,9,433,551000,0,0,1
2,2,0,1,44,15,397,599000,1,1,1
2,2,0,1,24,8,1224,1522000,2,0,0
1,1,1,1,17,10,551,823000,2,0,2
1,1,0,0,5,11,715,705000,1,1,2
1,1,0,0,38,9,620,521000,0,1,1
1,1,0,0,1,4,1210,1068000,2,3,2
1,1,0,1,17,3,514,672000,1,1,0
1,2,1,1,36,4,444,542000,0,1,0
1,1,0,1,9,3,429,665000,1,1,0
2,2,1,1,21,4,1298,1486000,2,3,0
1,1,0,0,24,12,371,431000,0,0,1
1,1,1,1,12,16,459,634000,1,1,1
1,1,1,1,9,16,402,611000,1,1,0
1,1,1,1,22,22,373,626000,1,2,1
1,1,0,1,6,2,550,661000,0,0,1
2,2,0,1,44,6,601,546000,0,0,0
1,1,1,0,7,2,371,496000,0,0,0
1,1,0,1,44,7,328,375000,0,1,0
0,1,0,1,5,11,476,554000,1,0,1
1,1,1,1,21,18,356,406000,0,1,0
2,2,1,0,11,6,591,820000,1,0,1
2,2,1,1,1,4,622,913000,1,0,0
1,1,1,0,5,2,534,547000,1,0,1
1,1,0,1,12,1,274,382000,0,1,0
2,2,1,0,5,25,936,991000,2,1,1
1,1,1,1,30,5,322,474000,0,0,0
2,2,0,0,0,23,823,1091000,2,1,1
3,2,0,1,22,0,989,1325000,2,0,1
2,2,0,0,45,36,599,658000,1,1,1
1,1,1,0,23,6,448,723000,1,0,0
3,2,1,1,8,2,1955,1956000,3,2,1
1,1,1,1,5,17,677,503000,0,0,1
1,1,1,0,30,0,827,868000,2,0,1
2,2,0,1,3,11,1351,2137000,3,0,0
0,1,0,1,2,16,368,429000,0,0,0
2,2,0,1,5,26,887,815000,1,3,0
1,1,1,1,12,13,449,569000,0,3,0
1,1,1,1,0,11,802,598000,1,0,0
1,1,1,0,10,29,416,523000,1,3,1
1,1,1,1,6,5,500,767000,1,1,0
1,1,1,0,15,2,303,563000,0,3,1
2,2,0,1,1,8,549,827000,1,0,0
3,2,0,1,15,27,2179,1594000,1,0,1
2,2,0,0,2,0,585,824000,1,0,0
1,1,1,1,17,9,782,626000,1,1,2
1,1,0,0,2,9,340,466000,0,1,0
1,2,0,1,6,6,475,556000,1,2,1
3,2,0,1,3,2,851,1014000,1,1,1
1,1,0,1,21,6,1139,935000,1,1,2
1,1,0,1,14,1,377,471000,0,3,0
2,2,0,0,3,3,930,1887000,3,0,1
1,1,1,0,6,8,456,490000,0,1,0
1,1,0,1,6,46,382,423000,1,1,0
2,2,0,1,22,1,1171,951000,1,1,2
2,2,0,1,3,13,585,858000,1,3,0
1,1,0,1,30,4,643,798000,1,2,0
2,2,1,1,5,2,1383,1688000,3,2,1
2,2,0,1,11,1,823,651000,1,0,0
1,1,0,0,10,11,393,509000,1,0,2
0,1,0,0,9,26,551,706000,2,3,1
2,2,0,1,24,11,1650,1430000,3,2,0
1,1,1,1,11,5,507,536000,1,1,0
1,1,0,1,3,8,537,812000,1,0,0
2,2,0,1,3,1,1122,1369000,2,3,0
3,3,0,0,26,5,645,854000,1,0,2
2,2,1,0,15,0,769,986000,1,1,0
1,1,0,0,10,2,314,462000,0,0,1
0,1,0,1,70,9,266,298000,0,2,0
1,1,0,0,13,2,630,527000,1,3,1
1,1,0,0,3,4,363,559000,1,2,1
1,1,0,0,17,7,464,601000,1,1,1
3,2,0,1,7,1,2285,3200000,8,3,0
3,3,0,1,6,1,546,774000,1,1,0
1,2,0,1,15,2,820,785000,1,0,2
2,2,1,1,13,7,547,786000,1,0,0
2,3,1,1,13,26,697,750000,1,3,1
1,1,0,1,16,12,440,597000,1,2,1
0,1,0,1,5,9,358,452000,0,3,1
2,2,0,0,5,8,520,643000,1,2,1
1,1,0,0,18,7,325,371000,0,3,0
1,1,0,0,3,20,359,397000,0,0,0
1,2,0,1,31,10,317,511000,1,2,1
1,1,1,1,2,24,616,820000,1,3,1
2,2,0,1,1,16,570,737000,1,0,2
2,3,0,1,25,8,864,1139000,2,1,0
1,1,0,1,32,22,289,471000,1,3,1
1,1,1,0,3,3,622,633000,1,1,1
2,2,0,1,5,13,577,560000,1,2,1
1,1,1,1,18,5,592,664000,1,0,1
2,1,0,1,11,1,501,706000,1,0,0
2,2,0,1,0,24,1162,784000,1,1,0
1,1,0,0,5,20,433,535000,1,2,1
2,2,0,1,4,11,713,669000,1,2,1
1,1,1,0,20,0,911,755000,1,0,2
1,1,1,1,17,1,1055,1229000,2,0,2
3,2,0,0,14,1,447,563000,1,2,0
3,3,0,0,11,3,2699,2375000,5,2,1
1,1,1,0,18,0,783,857000,2,1,0
1,1,1,1,26,34,1709,1013000,2,2,0
2,2,0,0,7,22,987,1101000,2,1,1
0,1,0,0,26,7,569,669000,0,0,1
1,1,0,1,11,3,518,731000,1,1,0
0,1,0,1,8,29,563,614000,1,1,2
1,1,0,1,19,0,645,561000,0,1,1
1,1,0,1,10,18,841,877000,2,0,2
0,1,0,1,17,35,267,372000,0,0,0
1,1,1,1,5,2,544,556000,1,0,1
1,1,1,0,20,31,581,766000,1,1,2
1,1,1,0,24,8,587,898000,1,1,1
2,3,0,1,69,11,973,963000,1,0,2
1,1,0,1,6,8,460,532000,0,0,2
2,1,0,0,45,4,2841,2334000,4,2,2
1,1,1,1,39,6,468,601000,0,3,2
3,2,0,0,27,6,427,705000,1,1,2
1,1,1,0,1,2,399,541000,1,1,1
1,1,0,0,8,15,568,799000,1,0,1
2,1,1,1,19,20,1222,1696000,2,1,1
1,1,0,1,32,16,1109,524000,0,1,1
3,2,0,1,8,3,1387,2256000,3,3,0
2,3,0,0,1,3,383,5e+05,0,2,1
1,1,0,1,6,10,520,425000,0,0,0
1,1,0,0,4,8,544,578000,0,0,1
1,1,0,0,16,27,413,592000,1,3,0
1,1,0,1,13,5,628,638000,1,0,0
2,2,0,1,6,11,698,708000,1,1,1
2,2,0,0,3,17,657,754000,1,0,0
2,2,0,1,3,1,553,8e+05,1,1,0
2,2,0,1,1,5,878,1164000,1,1,0
2,3,0,1,3,16,892,1202000,2,3,0
0,1,0,0,49,11,473,528000,0,0,2
2,2,1,1,18,13,1348,1409000,2,2,2
1,1,0,0,3,11,400,388000,0,0,0
2,2,0,0,1,1,1183,1657000,3,0,0
1,1,1,0,2,11,649,589000,0,3,1
2,2,1,1,0,17,1023,1386000,3,1,0
1,1,1,0,7,25,659,774000,1,1,1
1,1,1,1,2,16,513,540000,1,2,0
